1;Aciclovir 200 mg;;Zovirax;1;0;1;0;0;0;0;1;0;;;;Tomar 01 comprimido(s) de 04 em 04 horas, enquanto acordado, por 5 dias.;;;;0;0;5;7;Oral;200;mg;comprimido;cp;25;0;0;5;5;25;0;0;0;0;0;0;0;0;0;0;0;0;0;0;;;;0;0;0;0;0;0;0;0
2;Aciclovir 400 mg;;Zovirax;1;0;0;0;0;0;0;1;0;;;;Tomar 01 comprimido(s) de 04 em 04 horas, enquanto acordado, por 5 dias.;;;;0;0;5;7;Oral;400;mg;comprimido;cp;25;0;0;5;5;25;0;0;0;0;0;0;0;0;0;0;0;0;0;0;;;;0;0;0;0;0;0;0;0
3;Aciclovir creme;;;1;0;0;0;0;0;0;1;0;;;;Aplicar na lesão de 2 em 2 horas, enquanto acordado, por 5 dias.;;;;0;0;5;7;na Pele;50;mg/g;creme;tb;10;0;0;5;5;1;0;0;0;0;0;0;0;0;0;0;0;0;0;0;;;;0;0;0;0;0;0;0;0
4;Acido Acetil Salicílico 100 mg;AAS;Aspirina;2;0;1;0;0;0;0;1;0;;;;Tomar 01 comprimido(s) ao meio-dia.;;;;0;0;5;180;Oral;100;mg;comprimido;cp;10;0;0;1;180;30;0;0;0;0;0;0;0;0;0;0;0;0;0;0;;;;0;0;0;0;0;0;0;0
5;Acido folico;;;2;0;1;0;0;0;0;1;0;;;;Tomar 01 comprimido(s) por dia.;;;;0;0;5;180;Oral;5;mg;comprimido;cp;0;0;0;1;180;30;0;0;0;0;0;0;0;0;0;0;0;0;0;0;;;;0;0;0;0;0;0;0;0
6;Amoxicilina 250 mg/5 mL (60 mL);;Amoxyl;1;0;1;0;0;0;0;1;0;;;;Dar 05 mL às 06 horas da manhã, às 02 horas da tarde, às 10 horas da noite, por 10 dias.;;;;0;0;5;0;Oral;250/5;mg/mL;solução;fr;60;75;0;3;10;3;0;0;0;0;0;0;0;0;0;0;0;0;0;0;;;;0;0;0;0;0;0;0;0
7;Amoxicilina 250 mg/5 mL (150 mL);;Amoxyl;1;0;1;0;0;0;0;1;0;;;;Dar 10 mL às 06 horas da manhã, às 02 horas da tarde, às 10 horas da noite, por 10 dias.;;;;0;0;5;0;Oral;250/5;mg/mL;solução;fr;150;75;0;3;10;2;0;0;0;0;0;0;0;0;0;0;0;0;0;0;;;;0;0;0;0;0;0;0;0
8;Amoxicilina 500 mg + Clavulanato de Potássio 125 mg;;Clavulin;1;0;1;0;0;0;0;1;0;;;;Tomar 01 comprimido(s) às 06 horas da manhã, às 02 horas da tarde e às 10 horas da noite, por 10 dias.;;;;0;0;5;7;Oral;500 + 125;mg;comprimido;cp;0;75;0;3;10;30;0;0;0;0;0;0;0;0;0;0;0;0;0;0;;;;0;0;0;0;0;0;0;0
9;Amoxicilina 500 mg;;Amoxyl;1;0;1;0;0;0;0;1;0;;;;Tomar 01 comprimido(s) às 06 horas da manhã, às 02 horas da tarde e às 10 horas da noite, por 10 dias.;;;;0;0;5;7;Oral;500;mg;comprimido;cp;10;75;0;3;10;30;0;0;0;0;0;0;0;0;0;0;0;0;0;0;;;;0;0;0;0;0;0;0;
10;Atenolol 25 mg;;;2;0;1;0;0;0;0;1;0;;;;Tomar 01 comprimido(s) às 06 horas da manhã e às 06 horas da noite.;;;;0;0;5;180;Oral;25;mg;comprimido;cp;0;0;0;2;180;60;0;0;0;0;0;0;0;0;0;0;0;0;0;0;;;;0;0;0;0;0;0;0;0
11;Azitromicina 900 mg suspensão;;;1;0;1;0;0;0;0;1;0;;;;Dar 05 mL por dia, sempre na mesma hora, por 6 dias.;;;;0;0;5;7;Oral;40;mg/mL;suspensão;fr;0;0;0;1;6;1;0;0;0;0;0;0;0;0;0;0;0;0;0;0;;;;0;0;0;0;0;0;0;0
12;Azitromicina 500 mg;;Azi 500;1;0;1;0;0;0;0;1;0;;;;Tomar 01 comprimido(s) por dia, por 6 dias, sempre no mesmo horário.;;;;0;0;5;7;Oral;500;mg;comprimido;cp;3;0;0;1;6;6;0;0;0;0;0;0;0;0;0;0;0;0;0;0;;;;0;0;0;0;0;0;0;0
13;Beclometasona 250 mcg;;Clenyl;2;0;1;0;0;0;0;1;0;;;;Aplicar 2 jatos de 12 em 12 horas.;;;;0;0;5;60;Inalatório;250;mcg;aerossol;fr;200;0;0;3;60;1;0;0;0;0;0;0;0;0;0;0;0;0;0;0;;;;0;0;0;0;0;0;0;0
14;Benzilpenicilina benzatina 1.200.000 U/4 mL;Penicilina G Benzatina;Benzetacil;1;0;1;0;0;0;0;1;0;;;;Aplicar IM profundo, 2.400.000 UI (1.200.000 UI IM, em cada glúteo), 01 vez por semana, por 3 semanas, conforme protocolo de abordagem sindrômica.;;;;0;0;5;7;IM;1.200.000/4;ui/mL;solução;amp;4;0;0;1;21;6;0;0;0;0;0;0;0;0;0;0;0;0;0;0;;;;0;0;0;0;0;0;0;
15;Benzilpenicilina benzatina 600.000 U/4 mL;Penicilina G Benzatina;Benzetacil;1;0;1;0;0;0;0;1;0;;;;Aplicar IM profundo agora;;;;0;0;5;7;IM;600000;ui/mL;solução;amp;4;0;0;1;1;1;0;0;0;0;0;0;0;0;0;0;0;0;0;0;;;;0;0;0;0;0;0;0;0
16;Budesonida 200 mcg;;Busonid;2;0;1;0;0;0;0;1;0;;;;Aplicar 01 jato de 12 em 12 horas.;;;;0;0;5;60;Inalatório;200;mcg;aerossol;fr;200;0;0;2;60;1;0;0;0;0;0;0;0;0;0;0;0;0;0;0;;;;0;0;0;0;0;0;0;0
17;Budesonida nasal 64 mcg;;;2;0;1;0;0;0;0;1;0;;;;Aplicar 02 jatos dentro de cada narina, a noite.;;;;0;0;5;60;Nasal;64;mcg;aerossol;fr;120;0;0;1;60;1;0;0;0;0;0;0;0;0;0;0;0;0;0;0;;;;0;0;0;0;0;0;0;
18;Captopril 25 mg;;;2;0;1;0;0;0;0;1;0;;;;Tomar 01 comprimido(s) às 06 horas da manhã, às 2 horas da tarde e às 10 horas da noite.;;;;0;0;5;180;Oral;25;mg;comprimido;cp;0;0;0;30;180;90;0;0;0;0;0;0;0;0;0;0;0;0;0;0;;;;0;0;0;0;0;0;0;0
19;Carbonato de Cálcio 500 mg + Vitamina D3 400 ui;;;2;0;1;0;0;0;0;1;0;;;;Tomar 01 comprimido(s) às 08 horas da manhã e às 08 horas da noite.;;;;0;0;5;7;Oral;500 + 200;mg + ui;comprimido;cp;0;0;0;2;180;60;0;0;0;0;0;0;0;0;0;0;0;0;0;0;;;;0;0;0;0;0;0;0;
20;Cefalexina 500 mg;;;1;0;1;0;0;0;0;1;0;;;;Tomar 01 comprimido(s) às 6 horas da manhã, ao meio-dia, às 6 horas da tarde e à meia-noite, por 05 dias.;;;;0;0;5;7;Oral;500;mg;comprimido;cp;10;0;0;4;10;20;0;0;0;0;0;0;0;0;0;0;0;0;0;0;;;;0;0;0;0;0;0;0;0
21;Ceftriaxona 250 mg;;;1;0;0;0;0;0;0;1;0;;;;Aplicar IM, em dose única;;;;0;0;5;7;IM;250;mg;solução;amp;1;0;0;1;1;1;0;0;0;0;0;0;0;0;0;0;0;0;0;0;;;;0;0;0;0;0;0;0;0
22;Cetoconazol 200 mg;;;1;0;1;0;0;0;0;1;0;;;;Tomar 01 comprimido(s) às 08 horas da manhã e às 08 horas da noite, por 05 dias.;;;;0;0;5;7;Oral;200;mg;comprimido;cp;10;0;0;2;5;10;0;0;0;0;0;0;0;0;0;0;0;0;0;0;;;;0;0;0;0;0;0;0;0
23;Ciprofloxacino 250 mg;;;1;0;1;0;0;0;0;1;0;;;;Tomar 01 comprimido(s) às 08 horas da manhã e às 08 horas da noite, por 07 dias.;;;;0;0;5;7;Oral;250;mg;comprimido;cp;15;0;0;2;7;15;0;0;0;0;0;0;0;0;0;0;0;0;0;0;;;;0;0;0;0;0;0;0;
24;Clonidina 0,200 mg;;;2;0;1;0;0;0;0;1;0;;;;Tomar 01 comprimido(s) às 06 horas da manhã, às 2 horas da tarde e às 10 horas da noite.;;;;0;0;5;180;Oral;0,200;mg;comprimido;cp;30;0;0;3;180;90;0;0;0;0;0;0;0;0;0;0;0;0;0;0;;;;0;0;0;0;0;0;0;0
25;Dexametasona creme;;;1;0;1;0;0;0;0;1;0;;;;Aplicar na lesão 02 vezes por dia, por 07 dias e 01 vez por dia, por 07 dias.;;;;0;0;5;7;na Pele;10;g;creme;tb;10;0;0;2;7;1;0;0;0;0;0;0;0;0;0;0;0;0;0;0;;;;0;0;0;0;0;0;0;0
26;Diclofenaco 150 mg;;;1;1;0;0;0;0;0;1;0;;;;Aplicar IM profundo agora.;;;;0;0;5;7;IM;150;mg;solução;amp;1;0;0;1;1;1;0;0;0;0;0;0;0;0;0;0;0;0;0;0;;;;0;0;0;0;0;0;0;0
27;Digoxina 0,25 mg;;;2;0;1;0;0;0;0;1;0;;;;Tomar 01 comprimido(s) por dia.;;;;0;0;5;7;Oral;0,25;mg;comprimido;cp;15;0;0;1;180;30;0;0;0;0;0;0;0;0;0;0;0;0;0;0;;;;0;0;0;0;0;0;0;0
28;Dimeticona gotas;;Luftal;1;0;0;0;0;0;0;1;0;;;;Dar 16 gotas de 08 em 08 horas.;;;;0;0;5;7;Oral;75;mg/mL;solução;fr;15;0;0;3;10;1;0;0;0;0;0;0;0;0;0;0;0;0;0;0;;;;0;0;0;0;0;0;0;0
29;Dipirona 500 mg;;;1;0;1;0;0;0;0;1;0;;;;Tomar 01 comprimido(s) de 06 em 06 horas, se dor ou febre.;;;;0;0;5;7;Oral;500;mg;comprimido;cp;0;0;0;4;5;20;0;0;0;0;0;0;0;0;0;0;0;0;0;0;;;;0;0;0;0;0;0;0;0
30;Doxiciclina 100 mg;;;1;0;1;0;0;0;0;1;0;;;;Tomar 01 comprimido(s) às 08 horas da manhã e às 08 horas da noite, por 15 dias.;;;;0;0;5;7;Oral;100;mg;comprimido;cp;15;0;0;2;15;30;0;0;0;0;0;0;0;0;0;0;0;0;0;0;;;;0;0;0;0;0;0;0;0
31;Enalapril 10 mg;;;2;0;1;0;0;0;0;1;0;;;;Tomar 01 comprimido(s) às 06 horas da manhã e às 06 horas da tarde.;;;;0;0;5;180;Oral;10;mg;comprimido;cp;10;0;0;2;180;60;0;0;0;0;0;0;0;0;0;0;0;0;0;0;;;;0;0;0;0;0;0;0;0
32;Eritromicina 500 mg;;;1;0;1;0;0;0;0;1;0;;;;Tomar 01 comprimido(s) às 6 horas da manhã, ao meio-dia, às 6 horas da tarde e à meia-noite, por 10 dias.;;;;0;0;5;7;Oral;500;mg;comprimido;cp;12;0;0;4;9;36;0;0;0;0;0;0;0;0;0;0;0;0;0;0;;;;0;0;0;0;0;0;0;0
33;Escopolamina 10 mg;Hioscina 10 mg;Buscopan Simples;1;0;1;0;0;0;0;1;0;;;;Tomar 01 comprimido(s) de 06 em 06 horas, se dor abdominal.;;;;0;0;5;7;Oral;10;mg;comprimido;cp;20;0;0;4;5;20;0;0;0;0;0;0;0;0;0;0;0;0;0;0;;;;0;0;0;0;0;0;0;
34;Formoterol 12 mcg;;;2;0;0;1;0;0;0;1;0;;;;Inalar 01 cápsula às 08 horas da manhã e às 08 horas da noite.;;;;0;0;5;60;Inalatório;12;mcg;cápsula;cp;30;0;0;2;60;120;0;0;0;0;0;0;0;0;0;0;0;0;0;0;;;;0;0;0;0;0;0;0;0
35;Furosemida 40 mg;;;2;0;1;0;0;0;0;1;0;;;;Tomar 01 comprimido(s) às 06 horas da manhã.;;;;0;0;5;180;Oral;40;mg;comprimido;cp;20;0;0;1;180;30;0;0;0;0;0;0;0;0;0;0;0;0;0;0;;;;0;0;0;0;0;0;0;0
36;Gentamicina colírio 0,5%;;;1;0;1;0;0;0;0;1;0;;;;Aplicar 01 gota dentro de cada olho, de 02 em 02 horas no primeiro dia. De 03 em 03 horas no segundo dia. De 04 em 04 horas no terceiro dia. De 08 em 08 horas do quarto ao sétimo dia. Sempre em vigília.;;;;0;0;5;7;nos Olhos;5;mg/mL;solução;fr;0;0;0;12;7;1;0;0;0;0;0;0;0;0;0;0;0;0;0;0;;;;0;0;0;0;0;0;0;0
37;Genteal;hipromelose;Genteal;1;0;0;0;0;0;0;1;0;;;;Aplicar no olho afetado de hora em hora (enquanto vigília), cobrir com tapa olho.;;;;0;0;5;7;nos Olhos;3;mg/mL;solução;;10;0;0;1;30;1;0;0;0;0;0;0;0;0;0;0;0;0;0;0;;;;0;0;0;0;0;0;0;0
38;Glibenclamida 5 mg;;;2;0;1;0;0;0;0;1;0;;;;Tomar 01 comprimido(s) no desjejum, almoço e janta..;;;;0;0;5;180;Oral;5;mg;comprimido;cp;30;0;0;3;180;90;0;0;0;0;0;0;0;0;0;0;0;0;0;0;;;;0;0;0;0;0;0;0;0
39;Hidroclorotiazida 25 mg;;;2;0;1;0;0;0;0;1;0;;;;Tomar 01 comprimido(s) à 06 horas da manhã.;;;;0;0;5;180;Oral;25;mg;comprimido;cp;20;0;0;1;180;30;0;0;0;0;0;0;0;0;0;0;0;0;0;0;;;;0;0;0;0;0;0;0;0
40;Hidróxido de Alumínio 333 mg + Hidróxido de Magnésio 160 mg + Dimeticona 25 mg;;Pepsogel;1;0;0;0;0;0;0;1;0;;;;Tomar 01 comprimido(s) meia-hora antes do desjejum, do almoço, janta e ao deitar.;;;;0;0;5;30;Oral;333+160+25;mg;comprimido;cp;20;0;0;4;5;20;0;0;0;0;0;0;0;0;0;0;0;0;0;0;;;;0;0;0;0;0;0;0;
41;Ibuprofeno 300 mg;;;1;0;1;0;0;0;0;1;0;;;;Tomar 01 comprimido(s) de 08 em 08 horas, por 07 dias.;;;;0;0;5;7;Oral;300;mg;comprimido;cp;10;0;0;3;7;20;0;0;0;0;0;0;0;0;0;0;0;0;0;0;;;;0;0;0;0;0;0;0;0
42;Insulina NPH Humana;;;2;0;1;0;0;0;0;1;0;;;;Aplicar 10 unidades antes do desjejum e 05 unidades à noite, ao deitar para dormir.;;;;0;0;5;180;Subcutâneo;100;u/mL;solução;fr;10;0;0;1;180;1;0;0;0;0;0;0;0;0;0;0;0;0;0;0;;;;0;0;0;0;0;0;0;
43;Insulina Regular Humana;;;2;0;1;0;0;0;0;1;0;;;;Aplicar 04 unidades no desjejum, no almoço e na janta.;;;;0;0;5;180;Subcutâneo;100;u/mL;solução;fr;10;0;0;1;180;1;0;0;0;0;0;0;0;0;0;0;0;0;0;0;;;;0;0;0;0;0;0;0;
44;Isossorbida dinitrato 05 mg;;;2;0;1;0;0;0;0;1;0;;;;Colocar 01 comprimido(s) em baixo da língua a cada 15 minutos, se dor no peito.;;;;0;0;5;180;Oral;5;mg;comprimido;cp;10;0;0;1;180;15;0;0;0;0;0;0;0;0;0;0;0;0;0;0;;;;0;0;0;0;0;0;0;0
45;Isossorbida mononitrato 10 mg;;;2;0;0;0;0;0;0;1;0;;;;Tomar 01 comprimido(s) às 08 horas da manhã, às 16 horas e às 20 horas.;;;;0;0;5;180;Oral;10;mg;comprimido;cp;10;0;0;3;180;90;0;0;0;0;0;0;0;0;0;0;0;0;0;0;;;;0;0;0;0;0;0;0;0
47;Ivermectina 06 mg;;;1;0;1;0;0;0;0;1;0;;;;Tomar 03 comprimido(s)s em dose única.;;;;0;0;5;7;Oral;6;mg;comprimido;cp;3;0;0;1;7;3;0;0;0;0;0;0;0;0;0;0;0;0;0;0;;;;0;0;0;0;0;0;0;0
48;Lácrima Plus;;;1;0;0;0;0;0;0;1;0;;;;Aplicar 1 gota dentro de cada olho, de hora em hora, enquanto acordado.;;;;0;0;5;7;no Olhos;;;solução;fr;15;0;0;0;0;0;0;0;0;0;0;0;0;0;0;0;0;0;0;0;;;;0;0;0;0;0;0;0;0
49;Levofloxacino 500 mg;;;1;0;1;0;0;0;0;1;0;;;;Tomar 01 comprimido(s) por dia, por 14 dias, sempre no mesmo horário.;;;;0;0;5;7;Oral;500;mg;comprimido;cp;7;0;0;1;14;14;0;0;0;0;0;0;0;0;0;0;0;0;0;0;;;;0;0;0;0;0;0;0;0
50;Levonorgestrel 0,15 mg + Etinilestradiol 0,03 mg;Microvlar;;2;0;1;0;0;0;0;1;0;;A \"camisinha\" é o único método anti-concepcional  capaz de prevenir DSTs. Caso haja alguma dúvida quanto ao uso de sua pílula, procure o Posto de Saúde.;;Tomar 01 comprimido(s) por dia, sempre no mesmo horário, por 21 dias, parar 7 dias e reiniciar nova cartela no 8º dia.;;;;12;40;3;21;Oral;0,15+0,03;mg;comprimido;cp;21;0;0;1;90;21;0;0;0;0;0;0;0;0;0;0;0;0;0;0;;;;0;0;0;0;0;0;0;0
51;Levonorgestrel 0,25 mg + Etinilestradiol 0,05 mg;Neovlar;;2;0;0;0;0;0;0;1;0;;A \"camisinha\" é o único método anti-concepcional  capaz de prevenir DSTs. Caso haja alguma dúvida quanto ao uso de sua pílula, procure o Posto de Saúde.;;Tomar 01 comprimido(s) por dia, sempre no mesmo horário, por 21 dias, parar 7 dias e reiniciar nova cartela no 8º dia.;;;;12;40;3;21;Oral;0,25+0,03;mg;comprimido;cp;21;0;0;1;90;21;0;0;0;0;0;0;0;0;0;0;0;0;0;0;;;;0;0;0;0;0;0;0;0
52;Levotiroxina 25 mcg;;;2;0;1;0;0;0;0;1;0;;;;Tomar 03 comprimido(s)s em jejum, 01 hora antes de outros medicamentos.;;;;0;0;5;7;Oral;25;mcg;comprimido;cp;30;0;0;1;180;90;0;0;0;0;0;0;0;0;0;0;0;0;0;0;;;;0;0;0;0;0;0;0;
53;Loratadina 1 mg/mL;;;1;0;1;0;0;0;0;1;0;;;;Dar 10 mL á noite, por 10 noites.;;;;0;0;5;7;Oral;1;mg/mL;solução;fr;100;0;0;1;10;1;0;0;0;0;0;0;0;0;0;0;0;0;0;0;;;;0;0;0;0;0;0;0;0
54;Mebendazol 100 mg;;;1;0;0;0;0;0;0;1;0;;;;No primeiro sábado: tomar 01 comprimido(s) de 12 em 12 horas, no sábado, no domingo e na segunda. Pular o segundo sábado. No terceiro sábado: tomar 01 comprimido(s) de 12 em 12 horas, no sábado, no domingo e na segunda. No quarto sábado: tomar 01 comprimido(s) de 12 em 12 horas, no sábado, no domingo e na segunda.;;;;0;0;5;7;Oral;100;mg;comprimido;cp;6;0;0;2;21;18;0;0;0;0;0;0;0;0;0;0;0;0;0;0;;;;0;0;0;0;0;0;0;0
55;Mebendazol 100 mg/05 mL;;;1;0;1;0;0;0;0;1;0;;;;No primeiro sábado: dar 05 mL de 12 em 12 horas, no sábado, no domingo e na segunda. Pular o segundo sábado. No terceiro sábado: dar 05 mL de 12 em 12 horas, no sábado, no domingo e na segunda. No quarto sábado: dar 05 mL de 12 em 12 horas, no sábado, no domingo e na segunda.;;;;0;0;5;7;Oral;100/5;mg/mL;solução;fr;30;0;0;2;21;3;0;0;0;0;0;0;0;0;0;0;0;0;0;0;;;;0;0;0;0;0;0;0;0
56;Medroxiprogesterona, acetato 150 mg/mL;;Depo® Provera®;2;0;1;0;0;1;0;1;0;;;;Aplicar 01 ampola, IM profundo, de 3 em 3 meses.;;;;12;45;3;90;IM;150;mg/mL;solução;amp;1;0;0;1;90;1;0;0;0;0;0;0;0;0;0;0;0;0;0;0;;;;0;0;0;0;0;0;0;
57;Metformina 850 mg;;;2;0;1;0;0;0;0;1;0;;;;Tomar 01 comprimido(s) no desjejum, no almoço e na janta.;;;;0;0;5;180;Oral;850;mg;comprimido;cp;10;0;0;2;180;90;0;0;0;0;0;0;0;0;0;0;0;0;0;0;;;;0;0;0;0;0;0;0;0
58;Metildopa 250 mg;;;2;0;1;0;0;0;0;1;0;;;;Tomar 01 comprimido(s) às 06 horas da manhã e às 06 horas da tarde.;;;;0;0;5;180;Oral;250;mg;comprimido;cp;20;0;0;2;180;60;0;0;0;0;0;0;0;0;0;0;0;0;0;0;;;;0;0;0;0;0;0;0;0
59;Metoclopramida 04 mg/mL;;;1;0;1;0;0;0;0;1;0;;;;Dar 10 gotas de 08 em 08 horas, se enjoo ou vômitos;;;;0;0;5;7;Oral;4;mg/mL;frasco;fr;10;0;0;3;3;1;0;0;0;0;0;0;0;0;0;0;0;0;0;0;;;;0;0;0;0;0;0;0;
60;Metoclopramida 10 mg;;;1;0;1;0;0;0;0;1;0;;;;Tomar 01 comprimido(s) de 08 em 08 horas, se enjoo ou vômitos;;;;0;0;5;7;Oral;10;mg;comprimido;cp;20;0;0;3;3;10;0;0;0;0;0;0;0;0;0;0;0;0;0;0;;;;0;0;0;0;0;0;0;0
61;Metoprolol tartarato 100 mg;;;2;0;1;0;0;0;0;1;0;;;;Tomar 01 comprimido(s) à noite..;;;;0;0;5;180;Oral;100;mg;comprimido;cp;20;0;0;1;180;30;0;0;0;0;0;0;0;0;0;0;0;0;0;0;;;;0;0;0;0;0;0;0;0
62;Metronidazol 250 mg;;;1;0;1;0;0;0;0;1;0;;;;Tomar 02 comprimido(s) às 08 horas da manhã e às 08 horas da noite, por 07 dias.;;;;0;0;5;7;Oral;250;mg;comprimido;cp;10;0;0;2;7;30;0;0;0;0;0;0;0;0;0;0;0;0;0;0;;;;0;0;0;0;0;0;0;0
63;Metronidazol 4% suspensão oral;;;1;0;0;0;0;0;0;1;0;;;;Tomar 05 ml de às 06 horas da manhã, às 02 horas da tarde e às 10 horas da noite, por 07 dias.;;;;0;0;5;30;Oral;4;mg/mL;solução;fr;100;0;0;3;7;1;0;0;0;0;0;0;0;0;0;0;0;0;0;0;;;;0;0;0;0;0;0;0;0
64;Metronidazol creme;;;1;0;1;0;0;0;0;1;0;;;;Aplicar a noite, por 07 noites.;;;;0;0;5;7;Vaginal;100;mg/g;creme;tb;50;0;0;1;7;1;0;0;0;0;0;0;0;0;0;0;0;0;0;0;;;;0;0;0;0;0;0;0;0
65;Miconazol creme;;;1;0;1;0;0;0;0;1;0;;;;Aplicar nas lesões 02 vezes por dia, por até 02 semanas.;;;;0;0;5;7;na Pele;20;mg/g;creme;tb;80;0;0;1;7;1;0;0;0;0;0;0;0;0;0;0;0;0;0;0;;;;0;0;0;0;0;0;0;0
66;Inalação com fenoterol + ipatrópio;;;1;1;0;0;0;0;0;1;0;;;Fenoterol 10 gotas+ Ipatrópio 20 gotas + Soro Fisiológico 03 ml;Nebulizar  com Fenoterol 10 gotas + Ipatrópio 20 gotas + Soro Fisiológico 03 mL, de 04 em 04 horas, se falta de ar.;;;;0;0;5;7;Inalatório;;;solução;dose;0;0;0;6;7;1;0;0;0;0;0;0;0;0;0;0;0;0;0;0;;;;0;0;0;0;0;0;0;
67;Inalação com fenoterol;;;1;1;0;0;0;0;0;1;0;;;Fenoterol 08 gotas+ Soro Fisiológico 03 ml;Nebulizar com 08 gotas de fenoterol em 03 mL de soro fisiológico de 04 em 04 horas se falta de ar.;;;;0;0;5;7;Inalatório;;;solução;dose;0;0;0;6;7;1;0;0;0;0;0;0;0;0;0;0;0;0;0;0;;;;0;0;0;0;0;0;0;
68;Neomicina + Bacitracina;;Nebacetin;1;1;1;0;0;0;0;1;0;;;;Aplicar nas lesões de pele de 3 a 5 vezes por dia, por 5 dias.;;;;0;0;5;7;na Pele;;;creme;tb;0;0;0;5;7;1;0;0;0;0;0;0;0;0;0;0;0;0;0;0;;;;0;0;0;0;0;0;0;0
69;Nifedipino Retard 20 mg;;;2;0;0;0;0;0;0;1;0;;;;Tomar 01 comprimido(s) às 06 horas da manhã e às 06 horas da noite.;;;;0;0;5;180;Oral;20;mg;comprimido;cp;20;0;0;2;180;60;0;0;0;0;0;0;0;0;0;0;0;0;0;0;;;;0;0;0;0;0;0;0;0
70;Nistatina 100.000 ui/mL;;;1;0;1;0;0;0;0;1;0;;;;Bochechar 05 mL, por 01 minuto e engolir, 04 vezes por dia.;;;;0;0;5;7;Oral;100000;ui/mL;solução;fr;30;0;0;4;7;1;0;0;0;0;0;0;0;0;0;0;0;0;0;0;;;;0;0;0;0;0;0;0;0
71;Nitrofurantoína 100 mg;;;1;0;1;0;0;0;0;1;0;;;;Tomar 01 comprimido(s) às 06 horas da manhã, ao meio-dia, às 06 horas da tarde e à meia-noite, por 07 dias.;;;;0;0;5;7;Oral;100;mg;comprimido;cp;8;0;0;4;7;28;0;0;0;0;0;0;0;0;0;0;0;0;0;0;;;;0;0;0;0;0;0;0;0
72;Noretisterona 0,35 mg;;;2;0;1;0;0;0;0;1;0;;A \"camisinha\" é o único método anticoncepcional capaz de prevenir DSTs. Não esqueça de retornar ao Posto de Saúde para substituir seu anticoncepcional quanto o seu bebê não estiver mais sendo amamentado somente no peito.;;Tomar 01 comprimido(s) por dia, enquanto amamentação exclusiva.;;;;0;0;5;90;Oral;0,35;mg;comprimido;cp;35;0;0;1;180;35;0;0;0;0;0;0;0;0;0;0;0;0;0;0;;;;0;0;0;0;0;0;0;0
73;Noretisterona, enantato 50 mg + Estradiol, valerato 5 mg por mL;;Noregyna;2;1;1;0;0;0;0;1;0;;A \"camisinha\" é o único método anti-concepcional  capaz de prevenir DSTs. Caso haja alguma dúvida quanto ao uso de sua pílula, procure o Posto de Saúde.;;Aplicar 01 amp, IM profundo, mensalmente.;;;;0;0;5;90;IM;50+5;mg/mL;solução;fr;1;0;0;1;180;1;0;0;0;0;0;0;0;0;0;0;0;0;0;0;;;;0;0;0;0;0;0;0;
74;Norfloxacino 400 mg;;;1;0;0;0;0;0;0;1;0;;;;Tomar 01 comprimido(s) às 08 horas da manhã e às 08 horas da noite, por 07 dias.;;;;0;0;5;7;Oral;400;mg;comprimido;cp;14;0;0;2;7;14;0;0;0;0;0;0;0;0;0;0;0;0;0;0;;;;0;0;0;0;0;0;0;0
75;Noripurum;Ferro III, Sacarato de Hidróxido de;;2;0;0;0;0;0;0;1;0;;;;Dar 10 gotas no meio da tarde, com suco de laranja ou limão..;;;;0;0;5;60;Oral;;;solução;fr;15;0;0;1;180;1;0;0;0;0;0;0;0;0;0;0;0;0;0;0;;;;0;0;0;0;0;0;0;0
76;Omeprazol 20 mg;;;2;0;1;0;0;0;0;1;0;;;;Tomar 01 comprimido(s) às 06 horas da manhã.;;;;0;0;5;180;Oral;20;mg;comprimido;cp;28;0;0;1;28;28;0;0;0;0;0;0;0;0;0;0;0;0;0;0;;;;0;0;0;0;0;0;0;0
77;Paracetamol 200 mg/mL;Acetaminofeno;Tylenol;1;0;1;0;0;0;0;1;0;;;;Dar 10 gotas de 04 em 04 horas se dor ou febre acima de 37,8 ºC.;;;;0;0;5;7;Oral;200;mg/mL;solução;fr;15;0;0;6;7;1;0;0;0;0;0;0;0;0;0;0;0;0;0;0;;;;0;0;0;0;0;0;0;0
78;Paracetamol 500 mg;Acetaminofeno;Tylenol;1;0;1;0;0;0;0;1;0;;;;Tomar 01 comprimido(s) de 06 em 06 horas se dor ou febre acima de 37,8 ºC.;;;;0;0;5;7;Oral;500;mg;comprimido;cp;10;0;0;4;7;20;0;0;0;0;0;0;0;0;0;0;0;0;0;0;;;;0;0;0;0;0;0;0;0
79;Permetrina 1% loção;;;1;0;1;0;0;0;0;1;0;;;;Aplicar no cabelo, deixar por 10 minutos e lavar. Repetir em 07 dias. Para as lêndeas: misturar 250 mL de água e 250 mL de vinagre branco, aplicar no cabelo, deixar por 20 minutos e lavar com xampu. Retirar as lêndeas com pente fino.;;;;0;0;5;7;no Cabelos;;;loção;fr;60;0;0;1;7;2;0;0;0;0;0;0;0;0;0;0;0;0;0;0;;;;0;0;0;0;0;0;0;0
80;Permetrina 5% loção cremosa;;;1;0;1;0;0;0;0;1;0;;;;Aplicar no corpo, do pescoço para baixo, a noite, lavar pela manhã, por 3 dias. Repetir em 7 dias, por mais 3 dias.;;;;0;0;5;7;no Corpo;;;loção;fr;60;0;0;1;7;2;0;0;0;0;0;0;0;0;0;0;0;0;0;0;;;;0;0;0;0;0;0;0;
81;Prednisolona 3 mg/mL;;;1;0;1;0;0;0;0;1;0;;;;Dar 05 mL, às 06 horas da manhá e às 06 horas da noite, por 5 dias.;;;;0;0;5;60;Oral;3;mg/mL;solução;fr;100;0;0;2;5;1;0;0;0;0;0;0;0;0;0;0;0;0;0;0;;;;0;0;0;0;0;0;0;0
82;Prednisona 20 mg;;;1;0;1;0;0;0;0;1;0;;;;Tomar 01 comprimido(s) às 06 horas da manhã, às 2 horas da tarde e às 10 horas da noite, por 07 dias.;;;;0;0;5;7;Oral;;;comprimido;cp;10;0;0;3;7;20;0;0;0;0;0;0;0;0;0;0;0;0;0;0;;;;0;0;0;0;0;0;0;0
83;Prednisona 5 mg;;;1;0;1;0;0;0;0;1;0;;;;Tomar 01 comprimido(s) às 06 horas da manhã, às 2 horas da tarde e às 10 horas da noite, por 07 dias.;;;;0;0;5;7;Oral;;;comprimido;cp;10;0;0;3;7;20;0;0;0;0;0;0;0;0;0;0;0;0;0;0;;;;0;0;0;0;0;0;0;0
84;Propranolol 40 mg;;;2;0;1;0;0;0;0;1;0;;;;Tomar 01 comprimido(s) às 06 horas da manhã, às 2 horas da tarde e às 10 horas da noite.;;;;0;0;5;180;Oral;;;comprimido;cp;20;0;0;3;180;90;0;0;0;0;0;0;0;0;0;0;0;0;0;0;;;;0;0;0;0;0;0;0;0
85;Protovit;;;2;0;0;0;0;0;0;1;0;;;;Tomar 10 gotas 01 vez por dia.;;;;0;0;5;180;Oral;;;solução;cp;0;0;0;1;180;1;0;0;0;0;0;0;0;0;0;0;0;0;0;0;;;;0;0;0;0;0;0;0;0
86;Ranitidina 150 mg;;;1;0;0;0;0;0;0;1;0;;;;Tomar 01 comprimido(s) de 12 em 12 horas.;;;;0;0;5;30;Oral;;;comprimido;cp;10;0;0;2;30;60;0;0;0;0;0;0;0;0;0;0;0;0;0;0;;;;0;0;0;0;0;0;0;0
87;Sais para reidratação oral 27,9 g;;;1;1;1;0;0;0;0;1;0;;;;Diluir o conteúdo de 01 envelope em 01 litro de água fervida, já resfriada, e beber à vontade.;;;;0;0;5;7;Oral;;;pó;env;1;0;0;6;3;3;0;0;0;0;0;0;0;0;0;0;0;0;0;0;;;;0;0;0;0;0;0;0;0
88;Salbutamol aerossol 100 mcg/dose;;;2;0;1;0;0;0;0;1;0;;;;Aplicar 2 jatos de 4 em 4 horas, se houver crise de falta de ar.;;;;0;0;5;60;Inalatório;;;aerossol;fr;200;0;0;6;7;1;0;0;0;0;0;0;0;0;0;0;0;0;0;0;;;;0;0;0;0;0;0;0;0
89;Sinvastatina 10 mg;;;2;0;0;0;0;0;0;1;0;;;;Tomar 02 comprimido(s)s às 08 horas da noite.;;;;0;0;5;180;Oral;;;comprimido;cp;15;0;0;1;180;60;0;0;0;0;0;0;0;0;0;0;0;0;0;0;;;;0;0;0;0;0;0;0;0
90;Sinvastatina 20 mg;;;2;0;1;0;0;0;0;1;0;;;;Tomar 01 comprimido(s) às 08 horas da noite.;;;;0;0;5;180;Oral;;;comprimido;cp;15;0;0;1;180;30;0;0;0;0;0;0;0;0;0;0;0;0;0;0;;;;0;0;0;0;0;0;0;0
91;Solução para Hemorróidas;;;1;0;0;0;0;0;0;1;0;;;Acetato de Chumbo 15 mL + Álcool  15 mL + Água de Rosa 30 mL + Glicerina 300 mL;Aplicar 2 a 3 vezes por dia, por 07 dias.;;;;0;0;5;7;Anal;;;solução;fr;360;0;0;3;7;1;0;0;0;0;0;0;0;0;0;0;0;0;0;0;;;;0;0;0;0;0;0;0;0
92;Soro Fisiológico;;;1;1;0;0;0;0;0;1;0;;;Solução de NaCl;Usar 3 ml em nebulização;;;;0;0;5;7;Inalatório;;;solução;fr;250;0;0;6;7;1;0;0;0;0;0;0;0;0;0;0;0;0;0;0;;;;0;0;0;0;0;0;0;0
93;Soro Nasal Infantil;;;1;0;1;0;0;0;0;1;0;;;Solução de NaCl + Cloreto de Benzalcônio;Lavar o nariz, sempre que necessário;;;;0;0;5;7;no Nariz;;;solução;fr;30;0;0;6;7;1;0;0;0;0;0;0;0;0;0;0;0;0;0;0;;;;0;0;0;0;0;0;0;0
94;Sulfadiazina 500 mg;;;1;0;1;0;0;0;0;1;0;;;;Tomar 01 comprimido(s) de 12 em 12 horas, por 07 dias.;;;;0;0;5;7;Oral;;;comprimido;cp;10;0;0;2;7;14;0;0;0;0;0;0;0;0;0;0;0;0;0;0;;;;0;0;0;0;0;0;0;0
95;Sulfametoxazol 200 mg + Trimetoprima 40 mg em 5 mL;;;1;0;1;0;0;0;0;1;0;;;;Dar 10 mL às 8 horas da manhã, e às 8 horas da noite, por 10 dias.;;;;0;0;5;7;Oral;;;solução;fr;100;0;0;2;7;1;0;0;0;0;0;0;0;0;0;0;0;0;0;0;;;;0;0;0;0;0;0;0;0
96;Sulfametoxazol 400 mg + Trimetoprima 80 mg;;;1;0;1;0;0;0;0;1;0;;;;Tomar 02 comprimido(s)s às 08 horas da manhã e 02 comprimido(s)s às 08 horas da noite, por 07 dias.;;;;0;0;5;7;Oral;;;comprimido;cp;10;0;0;2;7;30;0;0;0;0;0;0;0;0;0;0;0;0;0;0;;;;0;0;0;0;0;0;0;0
97;Sulfato Ferroso 25 mg de Fe elementar/mL;;;2;0;1;0;0;0;0;1;0;;;;Dar 20 gotas, 02 vezes por dia, longe das refeições e com suco de laranja ou limão, sem açúcar.;;;;0;0;5;60;Oral;;;solução;fr;30;0;0;2;180;2;0;0;0;0;0;0;0;0;0;0;0;0;0;0;;;;0;0;0;0;0;0;0;0
98;Sulfato Ferroso 40 mg de Fe elementar;;;2;0;1;0;0;0;0;1;0;;;;Tomar 01 comprimido(s) 02 vezes por dia, longe das refeições, com suco de limão, sem açúcar.;;;;0;0;5;60;Oral;;;comprimido;cp;20;0;0;2;180;60;0;0;0;0;0;0;0;0;0;0;0;0;0;0;;;;0;0;0;0;0;0;0;
99;Tetraciclina 500 mg;;;1;0;0;0;0;0;0;1;0;;;;Tomar 01 comprimido(s) às 06 horas da manhã, 01 comprimido(s) ao meio-dia, 01 comprimido(s) às 06 horas da tarde e 01 comprimido(s) à meia-noite, por 07 dias.;;;;0;0;5;7;Oral;;;comprimido;cp;10;0;0;4;7;30;0;0;0;0;0;0;0;0;0;0;0;0;0;0;;;;0;0;0;0;0;0;0;0
100;Varfarina 5 mg;;;2;0;1;0;0;0;0;1;0;;;;Tomar ½ comprimido(s) por dia;;;;0;0;5;180;Oral;5;mg;comprimido;cp;10;0;0;1;180;15;0;0;0;0;0;0;0;0;0;0;0;0;0;0;;;;0;0;0;0;0;0;0;0
101;Verapamil 80 mg;;;2;0;1;0;0;0;0;1;0;;;;Tomar 01 comprimido(s) às 06 horas da manhã e 01 comprimido(s) às 06 horas da noite.;;;;0;0;5;180;Oral;80;mg;comprimido;cp;20;0;0;2;180;60;0;0;0;0;0;0;0;0;0;0;0;0;0;0;;;;0;0;0;0;0;0;0;0
102;Diazepam 5 mg;;Valium;4;0;1;0;0;0;0;1;0;;;;Tomar 01 comprimido(s) à noite.;;;;0;0;5;30;Oral;5;mg;comprimidos;cp;20;0;0;0;20;20;0;0;0;0;0;0;0;0;0;0;0;0;0;0;;;;0;0;0;0;0;0;0;0
103;Prometazina, cloridrato 25 mg;;Fenergan;1;1;1;0;0;0;1;1;0;;;;Tomar 01 comprimido(s) à noite, por 20 noites.;;;;2;0;5;30;Oral;;;cart;cp;20;0;0;4;20;20;0;0;0;0;0;0;0;0;0;0;0;0;0;0;;;;0;0;0;0;0;0;0;0
104;Amoxicilina 250 mg + Clavulanato de Potássio 62,5 mg /5 mL;;Clavulin;1;0;1;0;0;0;1;1;0;;;;Dar 10 mL às 06 horas da manhã, às 02 horas da tarde e às 10 horas da noite, por 10 dias.;;;;2;0;5;30;Oral;250 + 62,5/5 mL;mg/mL;Pó para suspenção oral;fr;75;75;0;3;10;4;0;0;0;0;0;0;0;0;0;0;0;0;0;0;;;;0;0;0;0;0;0;0;
105;Albendazol 40 mg/mL;;;1;0;1;0;0;0;1;1;0;;;;Dar 10 mL por dia, por 5 dias.;Não usar na gravidez. Teratogênico e embriotóxico em testes animais.;;;2;0;5;30;Oral;;;solução;fr;10;0;0;1;5;5;0;0;0;0;0;0;0;0;0;0;0;0;0;0;;;;0;0;0;0;0;0;0;
106;Albendazol 400 mg;;;1;0;1;0;0;0;1;1;0;;;;Dar 01 comprimido(s) por dia, por 5 dias.;Não usar na gravidez. Teratogênico e embriotóxico em testes animais.;;;2;0;5;30;Oral;;;comprimido;cp;1;0;0;1;21;5;0;0;0;0;0;0;0;0;0;0;0;0;0;0;;;;0;0;0;0;0;0;0;
107;Losartana potássica 50 mg;;;2;0;1;0;0;0;1;1;0;;;;Tomar 01 comprimido(s) às 06 horas da manhã.;;;;12;0;5;30;Oral;;;comprimido;cp;50;0;0;1;180;30;0;0;0;0;0;0;0;0;0;0;0;0;0;0;;;;0;0;0;0;0;0;0;0
108;Anlodipino 05 mg;;;2;0;1;0;0;0;1;1;0;;;;Tomar 01 comprimido(s) às 06 horas da manhã e às 06 horas da noite.;;;;12;0;5;30;Oral;;;comprimido;cp;30;0;0;2;180;60;0;0;0;0;0;0;0;0;0;0;0;0;0;0;;;;0;0;0;0;0;0;0;0
109;Carbonato de Lítio 300 mg;;;3;0;1;0;0;0;1;1;0;;;;Tomar 01 comprimido(s) às 06 horas da manhã, às 02 horas da tarde e às 10 horas da noite.;;;;12;0;5;30;Oral;;;comprimido;cp;25;0;0;3;60;200;0;0;0;0;0;0;0;0;0;0;0;0;0;0;;;;0;0;0;0;0;0;0;0
110;Ácido Valproico 250 mg;;;3;0;1;0;0;0;1;1;0;;;;Tomar 01 comprimido(s) 03 vezes por dia;;;;12;0;5;30;Oral;;;comprimido;cp;30;0;0;3;60;180;0;0;0;0;0;0;0;0;0;0;0;0;0;0;;;;0;0;0;0;0;0;0;0
111;Carbamazepina 200 mg;;;3;0;1;0;0;0;1;1;0;;;;Tomar 01 comprimido(s) 03 vezes por dia;;;;12;0;5;60;Oral;200;mg;comprimido;cp;30;0;0;3;60;180;0;0;0;0;0;0;0;0;0;0;0;0;0;0;;;;0;0;0;0;0;0;0;0
112;Carbamazepina 400 mg;;;3;0;1;0;0;0;1;1;0;;;;Tomar 01 comprimido(s) 02 vezes por dia;;;;12;0;5;60;Oral;400;mg;comprimido;cp;30;0;0;2;60;180;0;0;0;0;0;0;0;0;0;0;0;0;0;0;;;;0;0;0;0;0;0;0;0
113;Clorpromazina 25 mg;;;3;0;1;0;0;0;1;1;0;;;;Tomar 01 comprimido(s) à note.;;;;12;0;5;30;Oral;25;mg;comprimido;cp;30;0;0;1;60;60;0;0;0;0;0;0;0;0;0;0;0;0;0;0;;;;0;0;0;0;0;0;0;0
114;Clorpromazina 100 mg;;;3;0;1;0;0;0;1;1;0;;;;Tomar 01 comprimido(s) à note.;;;;12;0;5;30;Oral;100;mg;comprimido;cp;30;0;0;1;60;60;0;0;0;0;0;0;0;0;0;0;0;0;0;0;;;;0;0;0;0;0;0;0;0
115;Fenitoína 100 mg;;;3;0;1;0;0;0;1;1;0;;;;Tomar 01 comprimido(s) à note.;;;;12;0;5;30;Oral;100;mg;comprimido;cp;30;0;0;1;60;60;0;0;0;0;0;0;0;0;0;0;0;0;0;0;;;;0;0;0;0;0;0;0;0
116;Fenobarbital 100 mg;;;3;0;1;0;0;0;1;1;0;;;;Tomar 01 comprimido(s) à note.;;;;12;0;5;30;Oral;100;mg;comprimido;cp;30;0;0;1;60;60;0;0;0;0;0;0;0;0;0;0;0;0;0;0;;;;0;0;0;0;0;0;0;0
117;Persea americana;Abacateiro;;6;0;0;0;0;0;0;0;1;;;tonifica o Yin e o sangue (Xue) Elimina umidade das articulações. Lubrifica os intestinos.;Tomar 40 gotas, 03 vezes por dia.;As folhas verdes podem causar taquicardia, usar folhas secas nas infusões. As folhas verdes devem ser fervidas por pelo menos por 5 minutos, com o vasilhame destampado, para a evaporação dos componentes tóxicos. ;O extrato das folhas pode diminuir a absorção da glicose.;uma das melhores fontes de ácido oléico monosaturado. É considerado um dos frutos mais perfeitos do mundo. Isto porque o seu pH não é demasiado ácido nem demasiado alcalino, é de fácil digestão e é bastante rico em minerais que regulam as funções do organismo.;6;0;5;30;Oral;;;TM;fr;100;0;0;3;30;1;0;0;0;0;0;0;0;0;0;0;0;0;0;0;;;;0;0;0;0;0;0;0;
118;Curcuma longa;Açafrão-da-Terra;;6;0;0;0;0;0;0;0;1;;;Ativa a circulação do Xue e quebra Xue congelado, promove circulação do Qi de Gan, clareia calor no pericárdio e acalma o Shen, elimina vento, mucosidade e umidade, promove o fluxo do Qi, beneficia a Vesícula Biliar e reduz icterícia, elimina calor de Xub, libera obstrução dos orifícios do Coração por fleuma-calor. Cozinhar com vinho para direcionar ação para o fígado e promover o fluxo de Qi. Torrar para diminuir ação refrescante nos casos de estagnação pelo frio. Limpa umidade calor do Jiao médio. Promove a transformação dos alimentos. ;Tomar 40 gotas, 03 vezes por dia.;Não usar na gravidez, quando não houver estagnação do Xue e na deficiência do Yin e do Xue, pode causar fotosensibilidade e erupções cutâneas em algumas pessoas. Evitar em hepatite aguda e icterícia e em Pitta agravado. Superdosagem acima de 30 g/dia pode ser neurotóxica (óleo essencial), e causar delírios e confusão mental;Incompatível com Aconitum spp. Evitar uso concomitante com antiinflamatórios e anticoagulantes, pois pode aumentar o risco de sangramentos. Pode diminuir a ação de imunossupressores. Nos casos de sinusite, associar com batata infalível - Mandevilla velutina e Hydrastis canadensis. Nos casos de rinites, associar com sabugueiro - Sambuccus spp, Eucalyptus globulus e/ou Mikania glomerata. Pode ser útil nos casos dos cistos do ovário, junto com Artemísia vulgaris. ;Na medicina Indiana, os rizomas geralmente fervidos (1-2 minutos) para produzir evaporação de possíveis tóxicos voláteis e depois então secados ao sol para serem moídos a pó. Essa prática não é habitualmente feita no Brasil e em outros países. Ao ser desidratada e moída, o pó da cúrcuma não deve ser armazenado em recipientes plásticos, sobretudo sacos plásticos, pois os princípios ativos reagem com o material, o qual adquire consistência pegajosa. ;12;0;5;21;Oral;;;TM;fr;100;0;30;3;30;1;0;0;0;0;0;0;0;0;0;0;0;0;0;0;;;;0;0;0;0;0;0;0;
119;Alopurinol 100 mg;;;2;0;1;0;0;0;1;1;0;;;;Tomar 01 comprimido(s) 02 vezes por dia.;;;;0;0;5;180;Oral;100;mg;comprimido;cp;0;2;10;2;180;60;0;0;0;0;0;0;0;0;0;0;0;0;0;0;;;;0;0;0;0;0;0;0;0
120;Alendronato sodico 70 mg;;;2;0;1;0;0;0;1;1;0;;;;Tomar 01 comprimido(s) toda a segunda-feira.;;;;0;0;5;180;Oral;70;mg;comprimido;cp;0;0;0;0;180;4;0;0;0;0;0;0;0;0;0;0;0;0;0;0;;;;0;0;0;0;0;0;0;0
121;Allium sativum;Alho;;6;0;0;0;0;0;0;0;1;;;;;;;;0;0;1;0;;;;;;0;0;0;0;0;0;0;0;0;0;0;0;0;0;0;0;0;0;0;0;;;;0;0;0;0;0;0;0;
122;Alprazolam 0,25 mg;;Frontal;4;0;0;0;0;0;0;1;0;;;;Tomar 01 comprimido(s) à noite.;;;;0;0;5;30;Oral;0,25;mg;comprimidos;cp;20;0;0;0;20;20;0;0;0;0;0;0;0;0;0;0;0;0;0;0;;;;0;0;0;0;0;0;0;0
123;Alprazolam 0,5 mg;;Frontal;4;0;0;0;0;0;0;1;0;;;;Tomar 01 comprimido(s) à noite.;;;;0;0;5;30;Oral;0,5;mg;comprimidos;cp;20;0;0;0;20;20;0;0;0;0;0;0;0;0;0;0;0;0;0;0;;;;0;0;0;0;0;0;0;0
124;Alprazolam 01 mg;;Frontal;4;0;0;0;0;0;0;1;0;;;;Tomar 01 comprimido(s) à noite.;;;;0;0;5;30;Oral;1;mg;comprimidos;cp;20;0;0;0;20;20;0;0;0;0;0;0;0;0;0;0;0;0;0;0;;;;0;0;0;0;0;0;0;0
125;Amitriptilina 25 mg;;;3;0;1;0;0;1;0;1;0;;;;Tomar 03 comprimido(s) à note.;;;;12;0;5;30;Oral;25;mg;comprimido;cp;30;0;0;1;60;180;0;0;0;0;0;0;0;0;0;0;0;0;0;0;;;;0;0;0;0;0;0;0;
126;Beclometasona 50 mcg;;Clenyl;2;0;1;0;0;0;0;1;0;;;;Aplicar 2 jatos de 12 em 12 horas.;;;;0;0;5;60;Inalatório;50;mcg;aerossol;fr;200;0;0;3;60;1;0;0;0;0;0;0;0;0;0;0;0;0;0;0;;;;0;0;0;0;0;0;0;0
127;Bromazepam 3 mg;;Lexotan;4;0;0;0;0;0;0;1;0;;;;Tomar 01 comprimido(s) à noite.;;;;0;0;5;30;Oral;3;mg;comprimidos;cp;20;0;0;0;20;20;0;0;0;0;0;0;0;0;0;0;0;0;0;0;;;;0;0;0;0;0;0;0;0
128;Bromazepam 6 mg;;Lexotan;4;0;0;0;0;0;0;1;0;;;;Tomar 01 comprimido(s) à noite.;;;;0;0;5;30;Oral;6;mg;comprimidos;cp;20;0;0;0;20;20;0;0;0;0;0;0;0;0;0;0;0;0;0;0;;;;0;0;0;0;0;0;0;0
129;Carbamazepina 2% susp. Oral;;;3;0;1;0;0;0;1;1;0;;;;Tomar 05 mL 02 vezes por dia.;;;;2;120;5;60;Oral;2;%;suspensão;fr;100;0;0;2;60;3;0;0;0;0;0;0;0;0;0;0;0;0;0;0;;;;0;0;0;0;0;0;0;
130;Cefalexina 250/5 mg/mL susp. Oral;;;1;0;1;0;0;0;0;1;0;;;;Tomar 05 mL às 6 horas da manhã, ao meio-dia, às 6 horas da tarde e à meia-noite, por 10 dias.;;;;0;0;5;7;Oral;250/5;mg/mL;suspensão;fr;60;0;0;4;10;5;0;0;0;0;0;0;0;0;0;0;0;0;0;0;;;;0;0;0;0;0;0;0;0
131;Clonazepam 0,5 mg;;Rivotril;4;0;0;0;0;0;0;1;0;;;;Tomar 01 comprimido(s) à noite.;;;;0;0;5;30;Oral;0,5;mg;comprimidos;cp;20;0;0;0;20;20;0;0;0;0;0;0;0;0;0;0;0;0;0;0;;;;0;0;0;0;0;0;0;0
132;Clonazepam 2 mg;;Rivotril;4;0;0;0;0;0;0;1;0;;;;Tomar 01 comprimido(s) à noite.;;;;0;0;5;30;Oral;2;mg;comprimidos;cp;20;0;0;0;20;20;0;0;0;0;0;0;0;0;0;0;0;0;0;0;;;;0;0;0;0;0;0;0;0
133;Clonazepam gotas 2,5 mg/mL;;Rivotril 2,5 mg/mL;4;0;0;0;0;0;0;1;0;;;;Tomar 10 gotas à noite.;;;;0;0;5;30;Oral;2,5;mg/mL;gotas;fr;20;0;0;0;20;1;0;0;0;0;0;0;0;0;0;0;0;0;0;0;;;;0;0;0;0;0;0;0;
134;Clorexidina 0,12% sol bucal;;;1;0;1;0;0;0;0;1;0;;;;Aplicar 15 mL da solução, não diluída, em bochechos de 30 segundos, cerca de 30 minutos após a escovação.;Não deglutir a solução. Não beber ou comer por 2-3 horas após o uso.;;;0;0;5;7;Oral;12;porcento;solução;fr;0;0;0;3;30;1;0;0;0;0;0;0;0;0;0;0;0;0;0;0;;;;0;0;0;0;0;0;0;0
135;Clorpromazina 40mg/mL;;;3;0;1;0;0;0;1;1;0;;;;Tomar 15 gotas à note.;;;;12;0;5;30;Oral;40;mg/mL;gotas;fr;0;0;0;1;60;1;0;0;0;0;0;0;0;0;0;0;0;0;0;0;;;;0;0;0;0;0;0;0;0
136;Codeína 30 mg;;;3;0;1;0;0;0;1;1;0;;;;Tomar 01 comprimido(s) à note.;;;;12;0;5;30;Oral;100;mg;comprimido;cp;30;0;0;1;60;60;0;0;0;0;0;0;0;0;0;0;0;0;0;0;;;;0;0;0;0;0;0;0;0
137;Diazepam 10 mg;;Valium;4;0;0;0;0;0;0;1;0;;;;Tomar 01 comprimido(s) à noite.;;;;0;0;5;30;Oral;10;mg;comprimidos;cp;20;0;0;0;20;20;0;0;0;0;0;0;0;0;0;0;0;0;0;0;;;;0;0;0;0;0;0;0;0
138;Eritromicina 250mg/5mL;;;1;0;1;0;0;0;0;1;0;;;;Tomar 05 mL às 6 horas da manhã, ao meio-dia, às 6 horas da tarde e à meia-noite, por 10 dias.;;;;0;0;5;7;Oral;250/5;mg/mL;solução;fr;60;0;0;4;9;3;0;0;0;0;0;0;0;0;0;0;0;0;0;0;;;;0;0;0;0;0;0;0;0
139;Espironolactona 25 mg;;;2;0;1;0;0;0;0;1;0;;;;Tomar 01 comprimido(s) às 06 horas da manhã.;;;;0;0;5;180;Oral;25;mg;comprimido;cp;20;0;0;1;180;30;0;0;0;0;0;0;0;0;0;0;0;0;0;0;;;;0;0;0;0;0;0;0;0
140;Estrógenos Conjugados 0,625 mg;;;2;0;1;0;0;0;0;1;0;;;;Tomar 01 comprimido(s) por dia. Sempre no mesmo horário.;;;;35;65;3;180;Oral;0,625;mg;comprimido;cp;0;0;0;1;180;30;0;0;0;0;0;0;0;0;0;0;0;0;0;0;;;;0;0;0;0;0;0;0;0
141;Fenobarbital 40 mg/mL;;;3;0;1;0;0;0;1;1;0;;;;Dar 20 gota(s) à note.;;;;12;0;5;30;Oral;40;mg/mL;solução;fr;0;0;0;1;60;1;0;0;0;0;0;0;0;0;0;0;0;0;0;0;;;;0;0;0;0;0;0;0;
142;Fluconazol 150 mg;;;1;0;1;0;0;0;0;1;0;;;;Tomar 01 comprimido(s) por semana, por 4 semanas.;;;;12;0;5;7;Oral;150;mg;comprimido;cp;4;0;0;0;28;36;0;0;0;0;0;0;0;0;0;0;0;0;0;0;;;;0;0;0;0;0;0;0;0
143;Fluoxetina 20 mg;;;3;0;1;0;0;0;1;1;0;;;;Tomar 01 comprimido(s) pela manhã.;;;;12;0;5;30;Oral;20;mg;comprimido;cp;30;0;0;1;60;60;0;0;0;0;0;0;0;0;0;0;0;0;0;0;;;;0;0;0;0;0;0;0;0
144;Formoterol 12 mcg + Budesonida 400 mcg;;;2;0;0;1;0;0;0;1;0;;;;Inalar 01 cápsula às 08 horas da manhã e às 08 horas da noite.;;;;0;0;5;60;Inalatório;12 + 400;mcg;cápsula;cp;30;0;0;2;60;60;0;0;0;0;0;0;0;0;0;0;0;0;0;0;;;;0;0;0;0;0;0;0;
145;Haloperidol 02 mg/mL;;;3;0;1;0;0;0;1;1;0;;;;Tomar 2,5 mL à note.;;;;12;0;5;30;Oral;2;mg/mL;solução;fr;0;0;0;1;60;1;0;0;0;0;0;0;0;0;0;0;0;0;0;0;;;;0;0;0;0;0;0;0;0
146;Haloperidol 05 mg;;;3;0;1;0;0;0;1;1;0;;;;Tomar 01 comprimido(s) à note.;;;;12;0;5;30;Oral;5;mg;comprimido;cp;30;0;0;1;60;30;0;0;0;0;0;0;0;0;0;0;0;0;0;0;;;;0;0;0;0;0;0;0;0
147;Haloperidol, decanoato;;;3;0;1;0;0;0;0;1;0;;;;Aplicar 01 ampola, IM profundo, a cada 21 dias;;;;0;0;5;60;IM;50;mg/mL;solução;amp;1;0;0;1;60;3;0;0;0;0;0;0;0;0;0;0;0;0;0;0;;;;0;0;0;0;0;0;0;0
148;Ibuprofeno gotas 50 mg/mL;;;1;0;1;0;0;0;0;1;0;;;;Dar 10 gotas de 08 em 08 horas, se dor ou febre;;;;0;0;5;7;Oral;50;mg/mL;gotas;fr;10;0;0;3;7;1;0;0;0;0;0;0;0;0;0;0;0;0;0;0;;;;0;0;0;0;0;0;0;0
149;Imipramina 25 mg;;;3;0;1;0;0;0;1;1;0;;;;Tomar 03 comprimido(s) à note.;;;;12;0;5;30;Oral;25;mg;comprimido;cp;30;0;0;1;60;90;0;0;0;0;0;0;0;0;0;0;0;0;0;0;;;;0;0;0;0;0;0;0;0
150;Isossorbida mononitrato 40 mg;;;2;0;1;0;0;0;0;1;0;;;;Tomar 01 comprimido(s) às 08 horas da manhã e às 08 da noite.;;;;0;0;5;180;Oral;40;mg;comprimido;cp;30;0;0;2;180;60;0;0;0;0;0;0;0;0;0;0;0;0;0;0;;;;0;0;0;0;0;0;0;0
151;Levodopa 250 mg + Carbidopa 25 mg;;;2;0;1;0;0;0;0;1;0;;;;Tomar 01 comprimido(s) às 06 horas da manhã, às 02 horas da tarde e às 10 horas da noite.;;;;0;0;5;180;Oral;250+25;mg;comprimido;cp;30;0;0;3;180;90;0;0;0;0;0;0;0;0;0;0;0;0;0;0;;;;0;0;0;0;0;0;0;0
152;Lorazepam 01 mg;;Lorax;4;0;0;0;0;0;0;1;0;;;;Tomar 01 comprimido(s) à noite.;;;;0;0;5;30;Oral;1;mg;comprimidos;cp;20;0;0;0;20;20;0;0;0;0;0;0;0;0;0;0;0;0;0;0;;;;0;0;0;0;0;0;0;0
153;Lorazepam 02 mg;;Lorax;4;0;0;0;0;0;0;1;0;;;;Tomar 01 comprimido(s) à noite.;;;;0;0;5;30;Oral;2;mg;comprimidos;cp;20;0;0;0;20;20;0;0;0;0;0;0;0;0;0;0;0;0;0;0;;;;0;0;0;0;0;0;0;0
154;Medroxiprogesterona 10 mg;;;1;0;1;0;0;0;0;1;0;;;;Tomar 01 comprimido(s) de 06 em 06 horas até parar o sangramento;;;;0;0;5;7;Oral;10;mg;comprimido;cp;10;0;0;4;2;10;0;0;0;0;0;0;0;0;0;0;0;0;0;0;;;;0;0;0;0;0;0;0;0
155;Nortriptilina 50 mg;;;3;0;1;0;0;0;1;1;0;;;;Tomar 01 comprimido(s) à note.;;;;12;0;5;30;Oral;50;mg;comprimido;cp;30;0;0;1;60;30;0;0;0;0;0;0;0;0;0;0;0;0;0;0;;;;0;0;0;0;0;0;0;0
156;Permanganato de Potássio 100 mg;;;1;0;1;0;0;0;0;1;0;;;;Preparar, em uma bacia,  uma solução aquosa concentrada a 0,1% (1:1.000), dissolvendo 100 mg de Permanganato de Potássio em 100 mL de água filtrada ou fervida, diluir 100 mL da solução concentrada para 1,0 Litro (1:10), obtendo-se uma solução a 0,01% (1:10.000). Certificar-se de que solução tenha ficado de uma cor rosa bem claro. Banhar a parte afetada, por 15 minutos, 3 vezes por dia, por 3 dias.;;;;0;0;5;7;no Cabelos;;;comprimido;cp;60;0;0;1;7;2;0;0;0;0;0;0;0;0;0;0;0;0;0;0;;;;0;0;0;0;0;0;0;
157;Risperidona 01 mg;;;3;0;1;0;0;0;1;1;0;;;;Tomar 01 comprimido(s) à note.;;;;12;0;5;30;Oral;1;mg;comprimido;cp;30;0;0;1;60;30;0;0;0;0;0;0;0;0;0;0;0;0;0;0;;;;0;0;0;0;0;0;0;0
158;Tiamina 300 mg;;;1;0;1;0;0;0;0;1;0;;;;Tomar 01 comprimido(s) 02 vezes por dia;;;;0;0;5;180;Oral;300;mg;comprimido;cp;20;0;0;2;180;90;0;0;0;0;0;0;0;0;0;0;0;0;0;0;;;;0;0;0;0;0;0;0;0
159;Timolol colírio 0,5%;;;2;0;1;0;0;0;0;1;0;;;;Aplicar 01 gota dentro de cada olho, 02 vezes por dia;;;;0;0;5;7;nos Olhos;0,5;%;solução;fr;0;0;0;2;7;1;0;0;0;0;0;0;0;0;0;0;0;0;0;0;;;;0;0;0;0;0;0;0;0
160;Valproato de sódio 250/5 mg/mL;;;3;0;1;0;0;0;1;1;0;;;;Tomar 05 mL 02 vezes por dia;;;;2;0;5;30;Oral;250/5;mg/mL;solução;fr;100;0;0;2;3;6;0;0;0;0;0;0;0;0;0;0;0;0;0;0;;;;0;0;0;0;0;0;0;
161;Dipirona 500 mg/mL;;;1;0;1;0;0;0;0;1;0;;;;Dar 20 gotas de 06 em 06 horas se dor ou febre;;;;0;0;5;7;Oral;500;mg/mL;solução;cp;20;0;0;4;5;1;0;0;0;0;0;0;0;0;0;0;0;0;0;0;;;;0;0;0;0;0;0;0;0
162;Controle de Pressão Arterial;;;7;0;0;0;0;0;0;0;0;;;Pressão Arterial;Medir 1x por semana no posto de saúde.;;;Vir no acolhimento se necessário.;NULL;NULL;5;NULL;Antropometria;;;;;NULL;NULL;NULL;NULL;NULL;1;0;0;0;0;0;0;0;0;0;0;0;0;0;0;;;;0;0;0;0;0;0;0;
163;Controle de Pressão Arterial e Hemoglicoteste;;;7;0;0;0;0;0;0;0;0;;;Pressão Arterial, Hemoglicoteste;Medir 1x por semana no posto de saúde.;;;Vir no acolhimento se necessário.;NULL;NULL;5;NULL;Antropometria;;;;;NULL;NULL;NULL;NULL;NULL;1;0;0;0;0;0;0;0;0;0;0;0;0;0;0;;;;0;0;0;0;0;0;0;
164;Controle de Pressão Arterial, Hemoglicoteste e Peso;;;7;0;0;0;0;0;0;0;0;;;Pressão Arterial, Hemoglicoteste, Peso;Medir 1x por semana no posto de saúde.;;;Vir no acolhimento se necessário.;NULL;NULL;5;NULL;Antropometria;;;;;NULL;NULL;NULL;NULL;NULL;1;0;0;0;0;0;0;0;0;0;0;0;0;0;0;;;;0;0;0;0;0;0;0;
165;Controle de Hemoglicoteste;;;7;0;0;0;0;0;0;0;0;;;Hemoglicoteste;Medir 01x por semana no posto de saúde.;;;Vir no acolhimento se medidas alteradas.;NULL;NULL;5;NULL;Antropometria;;;;;NULL;NULL;NULL;NULL;NULL;1;0;0;0;0;0;0;0;0;0;0;0;0;0;0;;;;0;0;0;0;0;0;0;
166;Controle de Hemoglicoteste e Peso;;;7;0;0;0;0;0;0;0;0;;;Hemoglicoteste, Peso;Medir 1x por semana no posto de saúde.;;;Vir no acolhimento se necessário.;NULL;NULL;5;NULL;Antropometria;;;;;NULL;NULL;NULL;NULL;NULL;1;0;0;0;0;0;0;0;0;0;0;0;0;0;0;;;;0;0;0;0;0;0;0;
167;Controle de Peso;;;7;0;0;0;0;0;0;0;0;;;Peso;Medir 1x por mês no posto de saúde.;;;Vir no acolhimento se necessário.;NULL;NULL;5;NULL;;;;;;NULL;NULL;NULL;NULL;NULL;1;0;0;0;0;0;0;0;0;0;0;0;0;0;0;;;;0;0;0;0;0;0;0;
168;Controle de Pressão Arterial de Peso;;;7;0;0;0;0;0;0;0;0;;;Pressão Arterial, Peso;Medir 1x por semana no posto de saúde.;;;Vir no acolhimento se necessário.;NULL;NULL;5;NULL;Antropometria;;;;;NULL;NULL;NULL;NULL;NULL;1;0;0;0;0;0;0;0;0;0;0;0;0;0;0;;;;0;0;0;0;0;0;0;
169;Controle fino de Hemoglicoteste;;;7;0;0;0;0;0;0;0;0;;;Jejum, Antes do Almoço, Antes da Janta, Ao Deitar;Medir diariamente por 01 semana.;;;Vir no acolhimento se necessário.;NULL;NULL;5;NULL;Antropometria;;;;;NULL;NULL;NULL;NULL;NULL;1;0;0;0;0;0;0;0;0;0;0;0;0;0;0;;;;0;0;0;0;0;0;0;
173;Dipiridamol 75 mg;;Persantine;2;0;0;0;0;0;0;1;0;;;;Tomar 01 comprimido(s) 02 vezes por dia;;;;NULL;NULL;5;180;Oral;75;mg;comprimido;cp;10;NULL;NULL;2;180;60;0;0;0;0;0;0;0;0;0;0;0;0;0;0;;;;0;0;0;0;0;0;0;
174;Fraldas Adulto Tamanho G;;;2;0;0;0;0;1;0;1;0;;;;Aplicar uma fralda a cada higiene ou 03 vezes por dia.;;;;NULL;NULL;5;120;no Corpo;;;unidade;un;10;NULL;NULL;4;NULL;120;0;0;0;0;0;0;0;0;0;0;0;0;0;0;;;;0;0;0;0;0;0;0;
175;Acido Acetil Salicilico 500 mg;ASS;Aspirina;1;0;0;0;0;1;0;1;0;;;;Tomar 01 comprimido(s), de 06 em 06 horas, se dor ou febre.;;;;12;110;5;7;Oral;500;mg;comprimido;cp;10;NULL;NULL;4;5;20;0;0;0;0;0;0;0;0;0;0;0;0;0;0;;;;0;0;0;0;0;0;0;
176;Amiodarona 200 mg;;;2;0;0;0;0;1;0;1;0;;;;Tomar 02 comprimido(s) 01 vez por dia.;;;;12;110;5;180;Oral;200;mg;comprimido;cp;10;NULL;NULL;NULL;NULL;NULL;0;0;0;0;0;0;0;0;0;0;0;0;0;0;;;;0;0;0;0;0;0;0;
177;Azatioprina 50 mg;;;2;0;0;0;0;1;0;1;0;;;;Tomar 01 comprimido(s) 01 vez por dia.;;;;12;110;5;180;Oral;50;mg;comprimido;cp;NULL;NULL;NULL;NULL;NULL;NULL;0;0;0;0;0;0;0;0;0;0;0;0;0;0;;;;0;0;0;0;0;0;0;
178;Cinarizina 75 mg;;;2;0;0;0;0;0;0;1;0;;;;Tomar 01 comprimido(s) 01 vez por dia.;;;;12;110;5;180;Oral;75;mg;comprimido;cp;30;NULL;NULL;1;180;30;0;0;0;0;0;0;0;0;0;0;0;0;0;0;;;;0;0;0;0;0;0;0;
179;Citalopram 20 mg;;;3;0;0;0;0;0;0;1;0;;;;Tomar 01 comprimido(s), pela manhã.;;;;12;120;5;60;Oral;20;mg;comprimido;cp;20;NULL;NULL;1;180;60;0;0;0;0;0;0;0;0;0;0;0;0;0;0;;;;0;0;0;0;0;0;0;
180;Citalopram 40 mg;;;3;0;0;0;0;0;0;0;1;;;;Tomar 01 comprimido(s), pela manhã.;;;;NULL;NULL;5;60;Oral;40;mg;comprimido;cp;60;NULL;NULL;1;180;60;0;0;0;0;0;0;0;0;0;0;0;0;0;0;;;;0;0;0;0;0;0;0;
181;Clobazam 10 mg;;Frisium;4;0;0;0;0;0;0;1;0;;;;Tomar 01 comprimido(s), 01 vez por dia.;;;;NULL;NULL;5;60;Oral;10;mg;comprimido;cp;20;NULL;NULL;NULL;60;60;0;0;0;0;0;0;0;0;0;0;0;0;0;0;;;;0;0;0;0;0;0;0;
182;Paroxetina 20 mg;;;3;0;0;0;0;0;0;1;1;;;;Tomar 01 comprimido(s), pela manhã.;;;;NULL;NULL;5;60;Oral;20;mg;comprimido;cp;20;NULL;NULL;1;60;60;0;0;0;0;0;0;0;0;0;0;0;0;0;0;;;;0;0;0;0;0;0;0;
183;Trazodona 50 mg;;Donaren;3;0;0;0;0;0;0;1;0;;;;Tomar 01 comprimido(s), à noite.;;;;NULL;NULL;5;60;Oral;50;mg;comprimido;cp;60;NULL;NULL;NULL;NULL;60;0;0;0;0;0;0;0;0;0;0;0;0;0;0;;;;0;0;0;0;0;0;0;
184;Divalproato de sódio 500 mg;;Depakote 500 mg;3;0;0;0;0;0;0;1;0;;;;Tomar 01 comprimido(s), 02 vezes por dia.;;;;NULL;NULL;5;60;Oral;500;mg;comprimido;cp;30;NULL;NULL;2;NULL;120;0;0;0;0;0;0;0;0;0;0;0;0;0;0;;;;0;0;0;0;0;0;0;
185;Piracetam 800 mg;;Nootropil;3;0;0;0;0;0;0;1;0;;;;Tomar 1/2 comprimido(s), 02 vezes por dia.;;;;NULL;NULL;5;60;Oral;800;mg;comprimido;cp;30;NULL;NULL;2;60;60;0;0;0;0;0;0;0;0;0;0;0;0;0;0;;;;0;0;0;0;0;0;0;
186;Risperidona 03 mg;;;3;0;0;0;0;0;0;1;0;;;;Tomar 01 comprimido(s) à noite.;;;;NULL;NULL;5;60;Oral;3;mg;comprimido;cp;20;NULL;NULL;1;60;60;0;0;0;0;0;0;0;0;0;0;0;0;0;0;;;;0;0;0;0;0;0;0;
187;Metformina, cloridrato XR 500 mg;;Glifage 500 mg;2;0;0;0;0;1;0;1;0;;;;Tomar 01 comprimido no desjejum, no almoço e na janta.;;;;NULL;NULL;5;120;Oral;500;mg;comprimido;cp;30;NULL;NULL;3;120;90;0;0;0;0;0;0;0;0;0;0;0;0;0;0;;;;0;0;0;0;0;0;0;
188;Levotiroxina 75 mcg;;Puran T4 75 mcg;2;0;0;0;0;0;0;1;0;;;;Tomar 01 comprimido(s)s em jejum, 01 hora antes de outros medicamentos.;;;;NULL;NULL;5;120;Oral;75;mcg;comprimido;cp;20;NULL;NULL;1;120;30;0;0;0;0;0;0;0;0;0;0;0;0;0;0;;;;0;0;0;0;0;0;0;
189;Limbitrol 12,5 + 5 mg;;;4;0;0;0;0;0;0;1;0;;;;Tomar 01 comprimido à noite.;;;;12;120;5;60;Oral;12,5 + 5;mg;comprimido;cp;20;NULL;NULL;NULL;60;30;0;0;0;0;0;0;0;0;0;0;0;0;0;0;;;;0;0;0;0;0;0;0;
190;Pipotiazina 25mg/mL;;;3;0;0;0;0;0;0;1;0;;;;Aplicar 01 ampola IM, a cada 30 dias.;;;;NULL;NULL;5;60;IM;25;mg/mL;ampola;cx;3;NULL;NULL;NULL;NULL;1;0;0;0;0;0;0;0;0;0;0;0;0;0;0;;;;0;0;0;0;0;0;0;
191;Rivastigmina 1,5 mg;;Exelon;3;0;0;0;0;0;0;1;1;;;;Tomar 01 comprimido, 02 vezes por dia.;;;;NULL;NULL;5;60;Oral;1,5;mg;comprimido;cp;28;NULL;NULL;2;60;112;0;0;0;0;0;0;0;0;0;0;0;0;0;0;;;;0;0;0;0;0;0;0;
192;Biperideno, cloridrato 2 mg;;;3;0;1;0;0;0;0;0;0;;;;Tomar 01 comprimido, 01 vez ao dia.;;;;NULL;NULL;5;60;Oral;2;mg;comprimido;cp;20;NULL;NULL;NULL;60;30;0;0;0;0;0;0;0;0;0;0;0;0;0;0;;;;0;0;0;0;0;0;0;
193;Isossorbida, mononitrato 20 mg;;;2;0;0;0;0;1;0;1;1;;;;Tomar 01 comprimido às 08 horas da manhã, às 04 horas da tarde e às 08 horas da noite.;;;;NULL;NULL;5;NULL;Oral;20;mg;comprimido;cp;NULL;NULL;NULL;3;120;90;0;0;0;0;0;0;0;0;0;0;0;0;0;0;;;;0;0;0;0;0;0;0;
194;Clopidogrel 75 mg;;;2;0;0;0;0;0;0;1;0;;;;Tomar 01 comprimido(s), 01 vez(es) por dia.;;;;NULL;NULL;5;120;Oral;75;mg;comprimido;cp;NULL;NULL;NULL;1;120;30;0;0;0;0;0;0;0;0;0;0;0;0;0;0;;;;0;0;0;0;0;0;0;
195;Ácido Valproico 250 mg/5 mL;;;3;0;0;0;0;0;0;1;0;;;;Tomar 10 ml, 03 vezes por dia.;;;;NULL;NULL;5;60;Oral;250/5;mg/mL;solução;fr;100;NULL;NULL;3;60;18;0;0;0;0;0;0;0;0;0;0;0;0;0;0;;;;0;0;0;0;0;0;0;
196;Glimepirida 2 mg;;;1;0;0;0;0;0;0;1;0;;;;Tomar 01 comprimido(s) no desjejum, almoço e janta.;;;;NULL;NULL;5;120;Oral;2;mg;comprimido;cp;30;NULL;NULL;3;120;90;0;0;0;0;0;0;0;0;0;0;0;0;0;0;;;;0;0;0;0;0;0;0;
198;Sertralina 50 mg;;;3;0;0;0;0;0;0;1;1;;;;Tomar 01 comprimido(s), 01 vez por dia.;;;;NULL;NULL;5;NULL;Oral;50;mg;comprimido;cp;30;NULL;NULL;1;60;60;0;0;0;0;0;0;0;0;0;0;0;0;0;0;;;;0;0;0;0;0;0;0;
199;Vitamina A + D;;;2;0;0;0;0;0;0;1;1;;;;Dar 01 gota, 01 vez por dia.;;;;NULL;NULL;5;120;Oral;;;gotas;fr;20;NULL;NULL;1;120;1;0;0;0;0;0;0;0;0;0;0;0;0;0;0;;;;0;0;0;0;0;0;0;
200;Papa de Legumes;;;8;0;0;0;0;0;0;0;0;;;;Antes do preparo, cuide bem da higiene das mãos e prenda os cabelos.\r\nAtente para a limpeza do ambiente, utensílios de cozinha e alimentos a serem utilizados. \r\nEscolha 100 g de carne (magra musculosa, ou peito de frango ou fígado) e corte-a em 4 pedaços.\r\nColoque em uma panela com 1/2 litro de água. Acrescente 2 colheres de sopa de arroz. Coloque um pedaço do tamanho da carde de mandioca (aipim), descascado e cortado. Colocar 01 pedaço, proporcional ao da carne, de cenoura ou abóbora ou moranga, também descascado e cortado. Adicionar 1 colher de chá de gordura para cozinhar (banha, manteiga, ou o óleo que usa em casa). Pôr para cozimento e, quase no final, acrescente 01 verdura (brócolis, espinafre, couve, acelga ou alface) bem picada. \r\nApós o cozimento, esmagar com o garfo. Deixar em consistência de purê. NÃO LIQUIDIFICAR! Não há necessidade de colocar sal;;;;NULL;NULL;5;120;Oral;;;porção;prato;NULL;NULL;NULL;NULL;1;1;0;0;0;0;0;0;0;0;0;0;0;0;0;0;;;;0;0;0;0;0;0;0;
201;Doxasozina 2 mg;;;2;0;0;0;0;0;0;1;1;;;;Tomar 01 comprimido(s), 01 vez(es) por dia.;;;;NULL;NULL;5;120;Oral;2;mg;comprimido;cp;30;NULL;NULL;1;120;30;0;0;0;0;0;0;0;0;0;0;0;0;0;0;;;;0;0;0;0;0;0;0;
202;Enalapril 05 mg;;;2;0;0;0;0;1;0;1;1;;;;Tomar 01 comprimido às 06 horas da manhã e às 06 horas da tarde.;;;;NULL;NULL;5;120;Oral;5;mg;comprimido;cp;30;NULL;NULL;2;120;60;0;0;0;0;0;0;0;0;0;0;0;0;0;0;;;;0;0;0;0;0;0;0;
203;Ciprofibrato 100 mg;;;1;0;0;0;0;0;0;1;0;;;;Tomar 01 comprimido à noite.;;;;NULL;NULL;5;120;Oral;100;mg;comprimido;cp;30;NULL;NULL;1;120;30;0;0;0;0;0;0;0;0;0;0;0;0;0;0;;;;0;0;0;0;0;0;0;
204;Candesartana cilexetila (Atacand) 8 mg;;Atacand 8 mg;2;0;0;0;0;0;0;1;0;;;;Tomar 02 comprimido(s), 01 vez(es) por dia.;;;;NULL;NULL;5;120;Oral;8;mg;comprimido;cp;30;NULL;NULL;1;120;60;0;0;0;0;0;0;0;0;0;0;0;0;0;0;;;;0;0;0;0;0;0;0;
205;Ticlopidina 250 mg;;;2;0;0;0;0;0;0;1;0;;;;Tomar 01 comprimido no almoço.;;;;NULL;NULL;5;120;Oral;250;mg;comprimido;cp;30;NULL;NULL;1;120;30;0;0;0;0;0;0;0;0;0;0;0;0;0;0;;;;0;0;0;0;0;0;0;
206;Colchicina 0,5 mg;;;1;0;0;0;0;0;0;1;0;;;;Tomar 01 comprimido(s), 01 vez(es) por dia.;;;;NULL;NULL;5;120;Oral;0.5;mg;comprimido;cp;NULL;NULL;NULL;NULL;NULL;NULL;0;0;0;0;0;0;0;0;0;0;0;0;0;0;;;;0;0;0;0;0;0;0;
207;Bromoprida 10 mg;;;2;0;0;0;0;0;0;1;0;;;;Tomar 01 comprimido meia-hora antes do desjejum, almoço e janta.;;;;NULL;NULL;5;120;Oral;10;mg;comprimido;cp;30;NULL;NULL;3;120;90;0;0;0;0;0;0;0;0;0;0;0;0;0;0;;;;0;0;0;0;0;0;0;
208;Hidralazina 50 mg;;;2;0;0;0;0;0;0;1;0;;;;Tomar 01 comprimido(s), 02 vez(es) por dia.;;;;NULL;NULL;5;120;Oral;50;mg;c;;NULL;NULL;NULL;NULL;NULL;NULL;0;0;0;0;0;0;0;0;0;0;0;0;0;0;;;;0;0;0;0;0;0;0;
209;Carvedilol 25 mg;;;2;0;0;0;0;0;0;1;0;;;;Tomar 01 comprimido(s), 02 vez(es) ao dia.;;;;NULL;NULL;5;120;Oral;25;mg;comprimido;cp;30;NULL;NULL;2;120;60;0;0;0;0;0;0;0;0;0;0;0;0;0;0;;;;0;0;0;0;0;0;0;
210;Paroxetina 30 mg;;;3;0;0;0;0;0;0;1;1;;;;Tomar 01 comprimido(s), 01 vez(s) por dia.;;;;NULL;NULL;5;NULL;Oral;30;mg;comprimido;cp;20;NULL;NULL;1;60;30;0;0;0;0;0;0;0;0;0;0;0;0;0;0;;;;0;0;0;0;0;0;0;
211;Cilostazol 100 mg;;;2;0;0;0;0;0;0;1;0;;;;Tomar 01 comprimido(s), 01 vez(es) por dia.;;;;NULL;NULL;5;120;Oral;100;mg;comprimido;cp;30;NULL;NULL;1;120;30;0;0;0;0;0;0;0;0;0;0;0;0;0;0;;;;0;0;0;0;0;0;0;
212;Inalação com Ipatrópio;;;1;0;0;0;0;1;0;1;0;;;;Nebulizar com 35 gotas de fenoterol em 03 mL de soro fisiológico de 06 em 06 horas se falta de ar.;;;;NULL;NULL;5;7;Inalatório;;;;;NULL;NULL;NULL;4;7;1;0;0;0;0;0;0;0;0;0;0;0;0;0;0;;;;0;0;0;0;0;0;0;
213;Quetiapina 100 mg;;Seroquel 100 mg;3;0;0;0;0;0;0;1;0;;;;Tomar 01 comprimido(s) 03 vez(es) por dia;;;;NULL;NULL;5;60;Oral;100;mg;comprimido;cp;28;NULL;NULL;NULL;60;180;0;0;0;0;0;0;0;0;0;0;0;0;0;0;;;;0;0;0;0;0;0;0;
214;Carvedilol 3.125 mg;;;2;0;0;0;0;0;0;1;1;;;;Tomar 01 comprimido(s), 02 vez(es) por dia.;;;;NULL;NULL;5;120;Oral;3.125;mg;comprimido;cp;NULL;NULL;NULL;2;120;60;0;0;0;0;0;0;0;0;0;0;0;0;0;0;;;;0;0;0;0;0;0;0;
215;Nimodipino 30 mg;;;2;0;0;0;0;0;0;1;0;;;;Tomar 01 comprimido(s), 03 vez(es) por dia.;;;;NULL;NULL;5;NULL;Oral;30;mg;comprimido;cp;NULL;NULL;NULL;3;120;90;0;0;0;0;0;0;0;0;0;0;0;0;0;0;;;;0;0;0;0;0;0;0;
216;Ramipril 05 mg;;;2;0;0;0;0;0;0;1;0;;;;Tomar 01 comprimido(s), 01 vez por dia.;;;;NULL;NULL;5;NULL;Oral;5;mg;comprimido;cp;NULL;NULL;NULL;1;120;30;0;0;0;0;0;0;0;0;0;0;0;0;0;0;;;;0;0;0;0;0;0;0;
217;Sulpirida 50 mg;;;3;0;0;0;0;0;0;1;0;;;;Tomar 01 comprimido(s) à noite.;;;;NULL;NULL;5;60;Oral;50;mg;comprimido;cp;NULL;NULL;NULL;1;60;60;0;0;0;0;0;0;0;0;0;0;0;0;0;0;;;;0;0;0;0;0;0;0;
218;Amilorida 05 mg;;;2;0;0;0;0;0;0;1;0;;;;Tomar 01 comprimido pela manhã;;;;NULL;NULL;5;120;Oral;5;mg;comprimido;cp;NULL;NULL;NULL;1;120;30;0;0;0;0;0;0;0;0;0;0;0;0;0;0;;;;0;0;0;0;0;0;0;
219;Olmesartana 40 mg;;;2;0;0;0;0;0;0;1;0;;;;Tomar 01 comprimido pela manhã.;;;;NULL;NULL;5;120;Oral;40;mg;comprimido;cp;30;NULL;NULL;1;120;30;0;0;0;0;0;0;0;0;0;0;0;0;0;0;;;;0;0;0;0;0;0;0;
220;Fraldas Adulto Tamanho M;;;2;0;0;0;0;1;0;1;0;;;;Aplicar uma fralda a cada higiene ou 03 vezes por dia.;;;;NULL;NULL;5;120;no Corpo;;;unidade;un;10;NULL;NULL;4;NULL;120;0;0;0;0;0;0;0;0;0;0;0;0;0;0;;;;0;0;0;0;0;0;0;
221;Atenolol 100 mg;;;2;0;0;0;0;1;0;1;0;;;;Tomar 01 comprimido(s), 02 vez(es) por dia.;;;;NULL;NULL;5;120;Oral;100;mg;comprimido;cp;NULL;NULL;NULL;2;180;60;0;0;0;0;0;0;0;0;0;0;0;0;0;0;;;;0;0;0;0;0;0;0;
222;Anlodipino 10 mg;;;2;0;0;0;0;1;0;1;0;;;;Tomar 01 comprimido(s), 02 vez(es) por dia.;;;;NULL;NULL;5;180;Oral;10;mg;comprimido;cp;NULL;NULL;NULL;NULL;180;60;0;0;0;0;0;0;0;0;0;0;0;0;0;0;;;;0;0;0;0;0;0;0;
223;Cilostazol 50 mg;;;2;0;0;0;0;0;0;1;0;;;;Tomar 01 comprimido(s), 02 vez(es) por dia.;;;;NULL;NULL;5;180;Oral;50;mg;comprimido;cp;NULL;NULL;NULL;2;180;60;0;0;0;0;0;0;0;0;0;0;0;0;0;0;;;;0;0;0;0;0;0;0;
224;Citalopram 60 mg;;;3;0;0;0;0;0;0;0;1;;;;Tomar 01 comprimido pela manhã.;;;;NULL;NULL;5;60;Oral;60;mg;comprimido;cp;60;NULL;NULL;1;60;60;0;0;0;0;0;0;0;0;0;0;0;0;0;0;;;;0;0;0;0;0;0;0;
225;Carvedilol 12,5 mg;;;2;0;0;0;0;0;1;1;1;;;;Tomar 01 comprimido(s), 02 vez(es) por dia.;;;;NULL;NULL;5;180;Oral;12.5;mg;comprimido;cp;NULL;NULL;NULL;2;180;30;0;0;0;0;0;0;0;0;0;0;0;0;0;0;;;;0;0;0;0;0;0;0;
226;Oseltamivir 30 mg;Tamiflu;;3;0;1;0;0;0;0;0;0;;;;Tomar 02 comprimidos de 12 em 12 por 05 dias.;;;;NULL;NULL;5;7;Oral;30;mg;comprimido;cp;10;NULL;NULL;2;5;20;0;0;0;0;0;0;0;0;0;0;0;0;0;0;;;;0;0;0;0;0;0;0;
227;Paroxetina 40 mg;;;3;0;0;0;0;0;0;0;1;;;;Tomar 01 comprimido pela manhã.;;;;NULL;NULL;5;30;Oral;40;mg;comprimido;cp;30;NULL;NULL;1;30;30;0;0;0;0;0;0;0;0;0;0;0;0;0;0;;;;0;0;0;0;0;0;0;
228;Oseltamivir 45 mg;Tamiflu;;3;0;1;0;0;0;0;0;0;;;;Tomar 01 comprimido 02 vezes por dia, por 05 dias.;;;;NULL;NULL;5;NULL;Oral;45;mg;comprimido;cp;10;NULL;NULL;2;5;10;0;0;0;0;0;0;0;0;0;0;0;0;0;0;;;;0;0;0;0;0;0;0;
229;Oseltamivir 75 mg;Tamiflu;;3;0;1;0;0;0;0;0;0;;;;Tomar 01 comprimido 02 vezes por dia, por 05 dias.;;;;NULL;NULL;5;NULL;Oral;75;mg;comprimido;cp;10;NULL;NULL;2;5;10;0;0;0;0;0;0;0;0;0;0;0;0;0;0;;;;0;0;0;0;0;0;0;
230;Fraldas Adulto Tamanho P;;;2;0;0;1;0;1;0;1;0;;;;Aplicar uma fralda a cada higiene ou 04 vezes por dia.;;;;NULL;NULL;5;NULL;no Corpo;;;;;120;NULL;NULL;4;180;120;0;0;0;0;0;0;0;0;0;0;0;0;0;0;;;;0;0;0;0;0;0;0;
231;Lamotrigina 25 mg;;;3;0;0;0;0;0;0;1;1;;;;Tomar 01 comprimido(s), 01 vez(es) por dia.;;;;NULL;NULL;5;NULL;Oral;25;mg;comprimido;cp;NULL;NULL;NULL;1;60;60;0;0;0;0;0;0;0;0;0;0;0;0;0;0;;;;0;0;0;0;0;0;0;
232;Domperidona 10 mg;;;2;0;0;0;0;0;0;0;0;;;;Tomar 01 comprimido após o desjejum, almoço e janta.;;;;NULL;NULL;5;NULL;Oral;10;mg;comprimido;cp;NULL;NULL;NULL;3;120;90;0;0;0;0;0;0;0;0;0;0;0;0;0;0;;;;0;0;0;0;0;0;0;
233;Femprocumona 3 mg;;;2;0;0;0;0;0;0;1;0;;;;Tomar 1/4 de comprimido por dia.;;;;NULL;NULL;5;NULL;Oral;3;mg;comprimido;cp;NULL;NULL;NULL;1;180;10;0;0;0;0;0;0;0;0;0;0;0;0;0;0;;;;0;0;0;0;0;0;0;
234;Quetiapina 300 mg;;;3;0;0;1;0;0;0;1;0;;;;Tomar 01 comprimido à noite.;;;;NULL;NULL;5;NULL;Oral;300;mg;comprimido;cp;30;NULL;NULL;1;30;30;0;0;0;0;0;0;0;0;0;0;0;0;0;0;;;;0;0;0;0;0;0;0;
235;Flunarizina, dicloridrato 10 mg;;;1;0;0;0;0;0;0;1;0;;;;Tomar 01 comprimido à noite, por 30 noites.;;;;NULL;NULL;5;NULL;Oral;10;mg;comprimido;cx;NULL;NULL;NULL;1;30;1;0;0;0;0;0;0;0;0;0;0;0;0;0;0;;;;0;0;0;0;0;0;0;
236;Ovestrion creme;;;2;0;0;0;0;0;0;1;0;;;;Aplicar ao redor da uretra, à note, ao deitar.;;;;NULL;NULL;3;180;Vaginal;1;g;creme;tb;50;NULL;NULL;1;180;1;0;0;0;0;0;0;0;0;0;0;0;0;0;0;;;;0;0;0;0;0;0;0;
237;Doxasozina 4 mg;;;2;0;0;0;0;0;0;1;0;;;;Tomar 01 comprimido, 01 vez por dia.;;;;NULL;NULL;1;180;Oral;4;mg;comprimido;cp;NULL;NULL;NULL;1;180;30;0;0;0;0;0;0;0;0;0;0;0;0;0;0;;;;0;0;0;0;0;0;0;
238;Quetiapina 25 mg;;Queropax;3;0;0;0;0;0;0;1;0;;;;Tomar 01 comprimido à noite.;;;;NULL;NULL;5;60;Oral;25;mg;comprimido;cp;30;NULL;NULL;1;60;60;0;0;0;0;0;0;0;0;0;0;0;0;0;0;;;;0;0;0;0;0;0;0;
239;Clomipramina 75 mg;;ANAFRANIL;3;0;0;0;0;0;0;1;1;;;;Tomar 01 comprimido à noite.;;;;NULL;NULL;5;60;Oral;75;mg;comprimido;cp;20;NULL;NULL;1;60;60;0;0;0;0;0;0;0;0;0;0;0;0;0;0;;;;0;0;0;0;0;0;0;
240;Prometazina 50 mg / 2 mL;;Fenergan;1;1;0;0;0;0;0;0;0;;;;Aplicar IM profundo agora;;;;NULL;NULL;5;NULL;Intra-Muscular;50;mg;solução;amp;2;NULL;NULL;1;1;1;0;0;0;0;0;0;0;0;0;0;0;0;0;0;;;;0;0;0;0;0;0;0;
241;Clobazam 20 mg;;;4;0;0;0;0;0;0;1;0;;;;Tomar 1/2 cp, 02 vezes por dia;;;;NULL;NULL;5;NULL;Oral;20;mg;comprimido;cp;30;NULL;NULL;1;30;30;0;0;0;0;0;0;0;0;0;0;0;0;0;0;;;;0;0;0;0;0;0;0;
242;Genfibrozila 600 mg;;;2;0;0;0;0;0;0;1;0;;;;Tomar 01 comprimido antes do almoço e 01 comprimido antes da janta.;;;;NULL;NULL;5;NULL;Oral;600;mg;cp;cp;NULL;NULL;NULL;2;180;60;0;0;0;0;0;0;0;0;0;0;0;0;0;0;;;;0;0;0;0;0;0;0;
243;Óleo Mineral;;;1;0;0;0;0;0;0;1;0;;;;Tomar 10 mL de 12 em 12 horas se obstipação;;;;NULL;NULL;5;NULL;Oral;;mL;fr;fr;NULL;NULL;NULL;NULL;NULL;2;0;0;0;0;0;0;0;0;0;0;0;0;0;0;;;;0;0;0;0;0;0;0;
244;Lactulose;;;1;0;0;0;0;0;0;1;0;;;;Tomar 20 mL de 8 em 8 horas se obstipação;;;;NULL;NULL;5;NULL;Oral;;mL;fr;fr;NULL;NULL;NULL;NULL;NULL;2;0;0;0;0;0;0;0;0;0;0;0;0;0;0;;;;0;0;0;0;0;0;0;
245;Oxibutinina 5 mg;;;1;0;0;0;0;0;0;0;0;;;;Tomar 01 comprimido de 8 em 8 horas.;;;;NULL;NULL;5;NULL;Oral;5;mg;cp;cp;NULL;NULL;NULL;3;NULL;90;0;0;0;0;0;0;0;0;0;0;0;0;0;0;;;;0;0;0;0;0;0;0;
246;Oxcarbazepina 100 mg;;Trileptal;3;0;0;0;0;0;0;1;0;;;;Tomar 01 comprimido 03 vezes por dia;;;;NULL;NULL;5;NULL;Oral;100;mg;cp;cp;NULL;NULL;NULL;3;30;90;0;0;0;0;0;0;0;0;0;0;0;0;0;0;;;;0;0;0;0;0;0;0;
247;Topiramato 100 mg;;;3;0;0;0;0;0;0;1;1;;;;Tomar 01 comprimido por dia.;;;;NULL;NULL;5;NULL;Oral;100;mg;cp;cp;30;NULL;NULL;1;60;30;0;0;0;0;0;0;0;0;0;0;0;0;0;0;;;;0;0;0;0;0;0;0;
248;Zolpidem 10 mg;;;3;0;0;0;0;0;0;1;0;;;;Tomar 1/2 comprimido à noite.;;;;NULL;NULL;5;NULL;Uso;10;mg;cp;cp;20;NULL;NULL;NULL;60;30;0;0;0;0;0;0;0;0;0;0;0;0;0;0;;;;0;0;0;0;0;0;0;
249;Miconazol creme;;;1;0;1;0;0;0;0;1;0;;;;Aplicar à noite, por 07 noites, após o uso do metronidazol creme;;;;0;0;5;7;Vaginal;20;mg/g;creme;tb;80;0;0;1;7;1;0;0;0;0;0;0;0;0;0;0;0;0;0;0;;;;0;0;0;0;0;0;0;0
250;Topiramato 50 mg;;;3;0;0;0;0;0;0;1;0;;;;Tomar 01 comprimido por dia.;;;;NULL;NULL;5;60;Oral;50;mg;cp;cp;NULL;NULL;NULL;NULL;60;60;0;0;0;0;0;0;0;0;0;0;0;0;0;0;;;;0;0;0;0;0;0;0;
251;Amantadina 100 mg;;;3;0;0;0;0;0;0;1;0;;;;Tomar 01 comprimido(s) 02 vez(es) por dia.;;;;NULL;NULL;5;NULL;Oral;100;mg;cp;cp;NULL;NULL;NULL;NULL;60;120;0;0;0;0;0;0;0;0;0;0;0;0;0;0;;;;0;0;0;0;0;0;0;
252;Escitalopram, oxalato 10 mg;;Lexapro;3;0;0;0;0;0;0;0;0;;;;Tomar 01 comprimido pela manhã.;;;;NULL;NULL;5;60;Oral;10;mg;cp;cp;28;NULL;NULL;NULL;60;56;0;0;0;0;0;0;0;0;0;0;0;0;0;0;;;;0;0;0;0;0;0;0;
253;Trazodona (Donaren Retard) 150 mg;;Donaren Retard;3;0;0;0;0;0;0;1;0;;;;Tomar 01 comprimido à noite.;;;;NULL;NULL;5;NULL;Oral;150;mg;cp;cp;20;NULL;NULL;NULL;60;60;0;0;0;0;0;0;0;0;0;0;0;0;0;0;;;;0;0;0;0;0;0;0;
254;Bupropiona 150 mg;;;3;0;0;0;0;0;0;1;0;;;;Tomar 01 comprimido pela manhã.;;;;NULL;NULL;5;NULL;Oral;150;mg;cp;cp;NULL;NULL;NULL;NULL;60;60;0;0;0;0;0;0;0;0;0;0;0;0;0;0;;;;0;0;0;0;0;0;0;
255;Nebivolol 5 mg;;Nebilet;2;0;0;0;0;0;0;1;0;;;;Tomar 01 comprimido à noite.;;;;NULL;NULL;5;180;Oral;5;mg;cp;cp;NULL;NULL;NULL;NULL;180;30;0;0;0;0;0;0;0;0;0;0;0;0;0;0;;;;0;0;0;0;0;0;0;
256;Clomipramina 100 mg;;;3;0;0;0;0;0;0;0;1;;;;Tomar 01 comprimido à noite.;;;;NULL;NULL;5;NULL;Oral;100;mg;cp;cp;NULL;NULL;NULL;1;60;60;0;0;0;0;0;0;0;0;0;0;0;0;0;0;;;;0;0;0;0;0;0;0;
257;Cloxazolam 4 mg;;Olcadil 4 mg;4;0;0;0;0;0;0;1;0;;;;Tomar 01 comprimido à noite.;;;;NULL;NULL;5;NULL;Oral;4;mg;cp;cp;20;NULL;NULL;1;60;60;0;0;0;0;0;0;0;0;0;0;0;0;0;0;;;;0;0;0;0;0;0;0;
258;Tiordazina retard 200 mg;;Melleril retartd 200 mg;3;0;0;0;0;0;0;1;0;;;;Tomar 01 comprimido por dia.;;;;NULL;NULL;5;NULL;Oral;200;mg;cp;cp;20;NULL;NULL;1;60;60;0;0;0;0;0;0;0;0;0;0;0;0;0;0;;;;0;0;0;0;0;0;0;
259;Zucopentoxicol 10 mg;;Clopixol 10 mg;3;0;0;0;0;0;0;1;0;;;;Tomar 01 comprimido por dia.;;;;NULL;NULL;5;NULL;Oral;10;mg;cp;cp;20;NULL;NULL;1;60;60;0;0;0;0;0;0;0;0;0;0;0;0;0;0;;;;0;0;0;0;0;0;0;
260;Pravastatina 20 mg;;;1;0;0;0;0;0;0;1;0;;;;Tomar 01 comprimido às 08 horas da noite.;;;;NULL;NULL;5;180;Oral;20;mg;cp;cp;NULL;NULL;NULL;1;180;30;0;0;0;0;0;0;0;0;0;0;0;0;0;0;;;;0;0;0;0;0;0;0;
261;Fenofibrato 200 mg;;;2;0;0;0;0;0;0;1;0;;;;Tomar 01 comprimido por dia.;;;;NULL;NULL;5;NULL;Oral;200;mg;cp;cp;NULL;NULL;NULL;1;180;30;0;0;0;0;0;0;0;0;0;0;0;0;0;0;;;;0;0;0;0;0;0;0;
262;Topiramato 25 mg;;;3;0;0;0;0;0;0;1;1;;;;Tomar 02 comprimidos 02 vezes por dia.;;;;NULL;NULL;5;60;Oral;25;mg;cp;cp;NULL;NULL;NULL;2;60;120;0;0;0;0;0;0;0;0;0;0;0;0;0;0;;;;0;0;0;0;0;0;0;
263;Clortalidona 25 mg;;;2;0;0;0;0;0;0;1;0;;;;Tomar 01 comprimido(s), às 6 horas da manhã.;;;;NULL;NULL;5;NULL;Oral;25;mg;cp;cp;30;NULL;NULL;1;180;30;0;0;0;0;0;0;0;0;0;0;0;0;0;0;;;;0;0;0;0;0;0;0;
264;Cinarizina 25 mg;;;2;0;0;0;0;0;0;1;1;;;;;;;;NULL;NULL;5;NULL;Oral;25;mg;cp;cp;NULL;NULL;NULL;1;180;30;0;0;0;0;0;0;0;0;0;0;0;0;0;0;;;;0;0;0;0;0;0;0;
265;Clonidina 0,150 mg;;Atensina 0,150 mg;2;0;0;0;0;0;0;1;0;;;;Tomar 01 comprimido(s) às 06 horas da manhã e às 06 horas da tarde.;;;;NULL;NULL;5;180;Oral;0,150;mg;cp;cp;NULL;NULL;NULL;2;180;60;0;0;0;0;0;0;0;0;0;0;0;0;0;0;;;;0;0;0;0;0;0;0;
266;Paroxetina 10 mg;;;3;0;0;0;0;0;0;0;1;;;;Tomar 01 comprimido pela manhã.;;;;NULL;NULL;5;NULL;Oral;10;mg;cp;cp;NULL;NULL;NULL;NULL;30;30;0;0;0;0;0;0;0;0;0;0;0;0;0;0;;;;0;0;0;0;0;0;0;
267;Fralda Adulto Tamanho XG;;;2;0;0;1;0;1;0;1;0;;;;Aplicar uma fralda a cada higiene ou 04 vezes por dia.;;;;NULL;NULL;5;NULL;no Corpo;;;;;NULL;NULL;NULL;4;120;120;0;0;0;0;0;0;0;0;0;0;0;0;0;0;;;;0;0;0;0;0;0;0;
268;Insulina NPH Refil 100ui/mL;;;2;0;0;0;0;1;0;1;0;;;;Aplicar 05 unidades antes do café da manhã e 10 unidades à noite, na hora de deitar para dormir.;;;;NULL;NULL;5;NULL;Subcutâneo;100;ui/mL;ui;cx;3;NULL;NULL;NULL;180;1;0;0;0;0;0;0;0;0;0;0;0;0;0;0;;;;0;0;0;0;0;0;0;
269;Tiotrópio 2,5 mcg;;Spiriva;2;0;0;1;0;0;0;0;0;;;;Inalar 01 dose à noite.;;;;NULL;NULL;5;180;Inalatório;18;mcg;pó;caps;NULL;NULL;NULL;1;180;30;0;0;0;0;0;0;0;0;0;0;0;0;0;0;;;;0;0;0;0;0;0;0;
270;Levomepromazina 40 mg/mL;;Neozine;3;0;0;0;0;0;0;1;0;;;;Tomar 10 gotas à noite.;;;;NULL;NULL;5;30;Oral;40;mg/mL;gts;fr;20;NULL;NULL;1;NULL;1;0;0;0;0;0;0;0;0;0;0;0;0;0;0;;;;0;0;0;0;0;0;0;
271;Indapamida SR 1,5 mg;;Indapen SR 1,5 mg;2;0;0;0;0;0;0;1;0;;;;Toma 01 comprimido por dia.;;;;NULL;NULL;5;180;Oral;1,5;mg;cp;cp;NULL;NULL;NULL;1;180;NULL;0;0;0;0;0;0;0;0;0;0;0;0;0;0;;;;0;0;0;0;0;0;0;
272;Finasterida 5 mg;;;2;0;0;0;0;0;0;1;0;;;;Tomar 01 comprimido por dia.;;;;NULL;NULL;5;180;Oral;5;mg;cp;cp;NULL;NULL;NULL;1;180;30;0;0;0;0;0;0;0;0;0;0;0;0;0;0;;;;0;0;0;0;0;0;0;
273;Betaistina, cloridrato 24 mg;;Labirin;1;0;0;0;0;0;0;1;0;;;;Tomar 01 comprimido à noite.;;;;NULL;NULL;5;30;Oral;24;mg;comprimido;cp;30;NULL;NULL;1;30;30;0;0;0;0;0;0;0;0;0;0;0;0;0;0;;;;0;0;0;0;0;0;0;
274;Nitrazepam 5 mg;;Nitrapan;4;0;0;0;0;0;0;1;0;;;;Tomar 01 comprimido à noite.;;;;NULL;NULL;5;30;Oral;5;mg;comprimido;cp;20;NULL;NULL;1;30;30;0;0;0;0;0;0;0;0;0;0;0;0;0;0;;;;0;0;0;0;0;0;0;
275;Levomepromazina 100 mg;;Neozine;3;0;0;0;0;0;0;1;0;;;;Tomar 01 comprimido à noite.;;;;NULL;NULL;5;30;Oral;100;mg;comprimido;cp;NULL;NULL;NULL;1;30;30;0;0;0;0;0;0;0;0;0;0;0;0;0;0;;;;0;0;0;0;0;0;0;
276;Valproato de Sódio 300 mg;;Depakene;3;0;0;0;0;0;0;1;0;;;;Tomar 01 comprimido(s) às 06 horas da manhã, às 02 horas da tarde e às 10 horas da noite.;;;;NULL;NULL;5;60;Oral;300;mg;comprimido;cp;NULL;NULL;NULL;NULL;60;180;0;0;0;0;0;0;0;0;0;0;0;0;0;0;;;;0;0;0;0;0;0;0;
277;Levotiroxina 50 mcg;;Puran T4 50 mcg;2;0;1;0;0;0;0;0;0;;;;Tomar 01 comprimido(s) em jejum, 01 hora antes de outros medicamentos.;;;;NULL;NULL;5;180;Oral;50;mcg;comprimido;cp;NULL;NULL;NULL;1;180;30;0;0;0;0;0;0;0;0;0;0;0;0;0;0;;;;0;0;0;0;0;0;0;
278;Alopurinol 300 mg;;;2;0;1;0;0;0;0;0;0;;;;Tomar 01 comprimido(s), 01 vez(es) ao dia.;;;;NULL;NULL;5;180;Oral;300;mg;comprimido;cp;NULL;NULL;NULL;1;180;30;0;0;0;0;0;0;0;0;0;0;0;0;0;0;;;;0;0;0;0;0;0;0;
279;Levotiroxina 100 mcg;;Puran T4 100 mcg;2;0;1;0;0;0;0;0;0;;;;Tomar 01 comprimido em jejum, 01 hora antes de outros medicamentos.;;;;NULL;NULL;5;180;Oral;100;mcg;comprimido;cp;30;NULL;NULL;1;180;30;0;0;0;0;0;0;0;0;0;0;0;0;0;0;;;;0;0;0;0;0;0;0;
280;salmeterol, xinafoato 50 mcg + fluticasona, propionato 250 mcg;;Seretide Diskus 50/250;2;0;0;1;0;0;0;0;0;;;;Inalar 01 dose, 02 vez(es) por dia.;;;;NULL;NULL;5;180;Inalatório;50/250;mcg;cápsula;caps;60;NULL;NULL;2;180;60;0;0;0;0;0;0;0;0;0;0;0;0;0;0;;;;0;0;0;0;0;0;0;
281;Bezafibrato retard 400 mg;;Cedur Retard 400 mg;2;0;0;1;0;0;0;0;0;;;;Tomar 01 comprimido à noite.;;;;NULL;NULL;5;180;Oral;400;mg;comprimido;cp;30;NULL;NULL;1;180;30;0;0;0;0;0;0;0;0;0;0;0;0;0;0;;;;0;0;0;0;0;0;0;
282;Budesonida nasal 32 mcg;;Budercort 32 mcg;2;0;0;0;0;0;0;0;0;;;;Aplicar 02 jatos em cada narina, à noite.;;;;NULL;NULL;5;180;Oral;32;mcg;aerossol;fr;NULL;NULL;NULL;1;180;1;0;0;0;0;0;0;0;0;0;0;0;0;0;0;;;;0;0;0;0;0;0;0;
283;Glicazida 30 mg;;Diamicron;2;0;0;0;0;0;0;1;0;;;;Tomar 01 comprimido(s), 01 vez ao dia.;;;;NULL;NULL;5;180;Oral;30;mg;comprimido;cp;NULL;NULL;NULL;1;180;30;0;0;0;0;0;0;0;0;0;0;0;0;0;0;;;;0;0;0;0;0;0;0;
284;Diltiazen 30 mg;;;2;0;1;0;0;0;0;0;0;;;;Tomar 01 comprimido(s) às 06 horas da manhã e às 06 horas da tarde.;;;;NULL;NULL;5;180;Oral;30;mg;comprimido;cp;30;NULL;NULL;2;180;60;0;0;0;0;0;0;0;0;0;0;0;0;0;0;;;;0;0;0;0;0;0;0;
285;Formoterol 06 mcg + Budesonida 200 mcg;;Alênia;2;0;0;1;0;0;0;0;0;;;;Inalar 01 cápsula de 12 em 12 horas.;;;;NULL;NULL;5;180;Oral;6 + 200;mcg;comprimido;cp;60;NULL;NULL;2;180;60;0;0;0;0;0;0;0;0;0;0;0;0;0;0;;;;0;0;0;0;0;0;0;
286;Propatilnitrato 10 mg;;Sustrate;2;0;1;0;0;0;0;0;0;;;;Tomar 01 comprimido às 8 horas da manhã, às 02 horas da tarde e às 08 horas da noite.;;;;NULL;NULL;5;180;Oral;10;mg;comprimido;cp;NULL;NULL;NULL;3;180;90;0;0;0;0;0;0;0;0;0;0;0;0;0;0;;;;0;0;0;0;0;0;0;
287;Metoprolol, succinato 25 mg;;Selozok 25 mg;2;0;0;0;0;0;0;1;0;;;;Tomar 01 comprimido a noite.;;;;NULL;NULL;5;180;Oral;25;mg;comprimido;cp;NULL;NULL;NULL;1;180;30;0;0;0;0;0;0;0;0;0;0;0;0;0;0;;;;0;0;0;0;0;0;0;
288;Nortriptilina 25 mg;;;3;0;1;0;0;0;0;0;0;;;;Tomar 01 comprimido(s), à noite.;;;;NULL;NULL;5;60;Oral;25;mg;comprimido;cp;NULL;NULL;NULL;1;60;30;0;0;0;0;0;0;0;0;0;0;0;0;0;0;;;;0;0;0;0;0;0;0;
289;Cetoconazol xampu;;;1;0;0;0;0;0;0;1;0;;;;Aplicar no couro cabeludo, ao tomar banho, deixar por 5 minutos e enxaguar, por 2 semanas.\r\nDepois, usar, como explicado, 01 vez por semana.;;;;NULL;NULL;5;7;nos Cabelos;;;fr;fr;NULL;NULL;NULL;1;7;1;0;0;0;0;0;0;0;0;0;0;0;0;0;0;;;;0;0;0;0;0;0;0;
290;Atorvastatina 20 mg;;;2;0;0;1;0;0;0;0;0;;;;Tomar 01 comprimido à noite.;;;;NULL;NULL;5;180;Oral;20;mg;comprimido;cp;NULL;NULL;NULL;1;180;30;0;0;0;0;0;0;0;0;0;0;0;0;0;0;;;;0;0;0;0;0;0;0;
291;Carvedilol 6,25 mg;;;2;0;0;0;0;0;0;1;0;;;;Tomar 01 comprimido(s), 02 vez(es) por dia.;;;;NULL;NULL;5;NULL;Oral;6,25;mg;comprimido;cp;NULL;NULL;NULL;2;180;60;0;0;0;0;0;0;0;0;0;0;0;0;0;0;;;;0;0;0;0;0;0;0;
292;Atenolol 50 mg;;;2;0;1;0;0;0;0;0;0;;;;Tomar 01 comprimido às 6 horas da manhã e 01 comprimido às 06 horas da tarde.;;;;NULL;NULL;5;180;Oral;50;mg;comprimido;cp;NULL;NULL;NULL;2;180;60;0;0;0;0;0;0;0;0;0;0;0;0;0;0;;;;0;0;0;0;0;0;0;
293;Aminofilina 100 mg;;;2;0;1;0;0;0;0;0;0;;;;Tomar 01 comprimido(s), 01 vez(es) por dia.;;;;NULL;NULL;5;180;Oral;100;mg;comprimido;cp;NULL;NULL;NULL;1;180;30;0;0;0;0;0;0;0;0;0;0;0;0;0;0;;;;0;0;0;0;0;0;0;
294;Atorvastatina 10 mg;;;2;0;0;1;0;0;0;1;0;;;;Tomar 01 comprimido às 8 horas da noite.;;;;NULL;NULL;5;180;Oral;10;mg;comprimido;cp;NULL;NULL;NULL;1;180;30;0;0;0;0;0;0;0;0;0;0;0;0;0;0;;;;0;0;0;0;0;0;0;
295;Cumarina 15 mg + Troxerrutina 90 mg;;Venalot;2;0;1;0;0;0;0;1;0;;;;Tomar 01 comprimido(s), 02 vez(es) por dia.;;;;NULL;NULL;5;180;Oral;15+90;mg;comprimido;cp;NULL;NULL;NULL;NULL;180;60;0;0;0;0;0;0;0;0;0;0;0;0;0;0;;;;0;0;0;0;0;0;0;
296;Hidralazina 25 mg;;;2;0;1;0;0;0;0;1;0;;;;Tomar 01 comprimido(s) às 06 horas da manhã, às 02 horas da tarde e às 10 horas da noite.;;;;NULL;NULL;5;180;Oral;25;mg;comprimido;cp;20;NULL;NULL;3;180;90;0;0;0;0;0;0;0;0;0;0;0;0;0;0;;;;0;0;0;0;0;0;0;
297;Valproato de Sódio CR 500 mg;;Torval CR;1;0;0;0;0;0;0;1;0;;;;Tomar 01 comprimido(s), 03 vez(es) por dia.;;;;NULL;NULL;5;60;Oral;500;mg;comprimido;cp;NULL;NULL;NULL;NULL;60;180;0;0;0;0;0;0;0;0;0;0;0;0;0;0;;;;0;0;0;0;0;0;0;
298;Anlodipino 2,5 mg;;Pressat 2,5 mg;2;0;0;0;0;0;0;1;0;;;;Tomar 01 comprimido(s), 02 vez(es) por dia.;;;;NULL;NULL;5;180;Oral;2,5;mg;comprimido;cp;NULL;NULL;NULL;2;180;60;0;0;0;0;0;0;0;0;0;0;0;0;0;0;;;;0;0;0;0;0;0;0;
299;Clomipramina 25 mg;;;3;0;1;0;0;0;0;0;0;;;;Tomar 01 comprimido à noite.;;;;NULL;NULL;5;60;Oral;25;mg;comprimido;cp;NULL;NULL;NULL;1;60;30;0;0;0;0;0;0;0;0;0;0;0;0;0;0;;;;0;0;0;0;0;0;0;
300;Diltiazen 60 mg;;;2;0;1;0;0;0;0;0;0;;;;Tomar 01 comprimido(s), 03 vez(es) por dia.;;;;NULL;NULL;5;180;Oral;60;mg;comprimido;cp;NULL;NULL;NULL;3;180;90;0;0;0;0;0;0;0;0;0;0;0;0;0;0;;;;0;0;0;0;0;0;0;
301;Tapazol 5 mg;;;2;0;1;0;0;0;0;0;0;;;;Tomar 01 comprimido(s), 01 vez(es) por dia.;;;;NULL;NULL;5;180;Oral;5;mg;comprimido;cp;NULL;NULL;NULL;NULL;NULL;30;0;0;0;0;0;0;0;0;0;0;0;0;0;0;;;;0;0;0;0;0;0;0;
302;Nistatina creme vaginal 100.000;;;1;0;1;0;0;0;0;0;0;;;;Aplicar a noite por 10 noites.;;;;NULL;NULL;5;30;Vaginal;100000;;Creme;Tb;NULL;NULL;NULL;NULL;10;1;0;0;0;0;0;0;0;0;0;0;0;0;0;0;;;;0;0;0;0;0;0;0;
303;Ibuprofeno 600 mg;;;1;0;1;0;0;0;0;0;0;;;;Tomar 1/2 comprimido(s) de 08 em 08 horas.;;;;NULL;NULL;5;7;Oral;600;mg;comprimido;cp;NULL;NULL;NULL;3;7;10;0;0;0;0;0;0;0;0;0;0;0;0;0;0;;;;0;0;0;0;0;0;0;
304;Ampicilina 500 mg;;;1;0;1;0;0;0;0;0;0;;;;Tomar 01 comprimido às 06 horas da manhã, ao meio-dia, às 06 horas da tarde e à meia-noite, por 10 dias.;;;;NULL;NULL;5;7;Oral;500;mg;comprimido;cp;NULL;NULL;NULL;4;10;40;0;0;0;0;0;0;0;0;0;0;0;0;0;0;;;;0;0;0;0;0;0;0;
305;Bezafibrato 200 mg;;;2;0;0;1;0;0;0;0;0;;;;Tomar 01 comprimido(s) à noite.;;;;NULL;NULL;5;180;Oral;200;mg;comprimido;cp;NULL;NULL;NULL;1;180;30;0;0;0;0;0;0;0;0;0;0;0;0;0;0;;;;0;0;0;0;0;0;0;
306;Tobramicina 0,3% Colírio;;;1;0;1;0;0;0;0;0;0;;;;Instilar uma gotas no(s) olho(s) afetado(s) a cada 2 horas no primeiro dia, de 4 em 4 horas do 2 ao 4 dia e de 8 em 8 horas do 5 ao 7 dia.;;;;NULL;NULL;5;7;Nos Olhos;;;;fr;NULL;NULL;NULL;NULL;NULL;1;0;0;0;0;0;0;0;0;0;0;0;0;0;0;;;;0;0;0;0;0;0;0;
307;Algestona Acetofenida 150 mg + Enantato de Estradiol 10 mg;;Perlutan;2;0;0;0;0;0;0;1;0;;A \"camisinha\" é o único método anti-concepcional  capaz de prevenir DSTs. Caso haja alguma dúvida quanto ao uso de sua pílula, procure o Posto de Saúde.;;Aplicar IM profundo no oitavo dia após o início de cada menstruação.;;;;NULL;NULL;5;180;IM;150 + 10;mg/mL;;amp;NULL;NULL;NULL;1;180;1;0;0;0;0;0;0;0;0;0;0;0;0;0;0;;;;0;0;0;0;0;0;0;
308;Cassia angustifolia Vahl. (Tamarine);;Tamarine;1;0;0;0;0;0;0;0;0;;;;Tomar 01 cápsula após a janta, no máximo 5 dias.;;;;NULL;NULL;5;7;Oral;14.636;mg;comprimido;cx;NULL;NULL;NULL;1;5;1;0;0;0;0;0;0;0;0;0;0;0;0;0;0;;;;0;0;0;0;0;0;0;
309;Trasncrição de Prescrição Médica;;;2;1;0;0;0;0;0;0;0;;;;Conforme _____/_____/_____ do MD _______________________________ CRM ______________________;;;;NULL;NULL;5;NULL;;;;;;NULL;NULL;NULL;NULL;NULL;1;0;0;0;0;0;0;0;0;0;0;0;0;0;0;;;;0;0;0;0;0;0;0;
310;Ciprofloxacino 500 mg;;;1;0;0;0;0;0;0;1;0;;;;Tomar 01 comprimido de 12 em 12 horas, por 07 dias.;;;;NULL;NULL;5;NULL;Oral;500;mg;comprimido;cp;14;NULL;NULL;2;14;14;0;0;0;0;0;0;0;0;0;0;0;0;0;0;;;;0;0;0;0;0;0;0;
311;Vitaminias do Complexo B;;;2;0;1;0;0;0;0;0;0;;;;Tomar 01 comprimido por dia.;;;;NULL;NULL;5;180;Oral;;mg;cp;comprimidos;NULL;NULL;NULL;NULL;1;30;0;0;0;0;0;0;0;0;0;0;0;0;0;0;;;;0;0;0;0;0;0;0;
312;Ziprasidona 40 mg;;Geodon;3;0;0;0;0;0;0;1;0;;;;Tomar 01 comprimido(s), 02 vez(es) por dia.;;;;NULL;NULL;5;NULL;Oral;40;mg;cp;comprimidos;30;NULL;NULL;2;60;120;0;0;0;0;0;0;0;0;0;0;0;0;0;0;;;;0;0;0;0;0;0;0;
313;Budesonida nasal 50 mcg;;;2;0;0;0;0;1;0;1;0;;;;Aplicar 02 jatos à noite, em cada narina.;;;;NULL;NULL;5;NULL;Nasal;50;mcg;fr;fr;NULL;NULL;NULL;1;180;1;0;0;0;0;0;0;0;0;0;0;0;0;0;0;;;;0;0;0;0;0;0;0;
314;Controle de Hemoglicoteste Pós-Prandial;;;7;0;0;0;0;0;0;0;0;;;Jejum, 2h após o Desjejum, 2h após o Almoço, 2h após a Janta, Ao Deitar;Medir diariamente por 01 semana.;;;Vir no acolhimento se necessário.;NULL;NULL;5;NULL;;;;;;NULL;NULL;NULL;NULL;NULL;NULL;0;0;0;0;0;0;0;0;0;0;0;0;0;0;;;;0;0;0;0;0;0;0;
315;Cetoconazol + Betametasona creme;;Trok creme;1;0;0;0;0;0;0;1;0;;;;Aplicar na lesão 2 vezes por dia, por 2 semanas.;;;;NULL;NULL;5;NULL;Na Pele;20 mg +0,5 mg;g;creme;tb;NULL;NULL;NULL;NULL;NULL;1;0;0;0;0;0;0;0;0;0;0;0;0;0;0;;;;0;0;0;0;0;0;0;
316;Dimenidrato 100 mg;;Dramin;1;0;0;0;0;0;0;0;0;;;;Tomar 01 comprimido de 6 em 6 horas, se enjôo ou vômitos.;;;;NULL;NULL;5;NULL;Oral;100;mg;cp;cp;20;NULL;NULL;NULL;7;20;0;0;0;0;0;0;0;0;0;0;0;0;0;0;;;;0;0;0;0;0;0;0;
317;Ziprasidona 80 mg;;;3;0;0;0;0;0;0;1;0;;;;Tomar 01 comprimido à noite.;;;;NULL;NULL;5;NULL;Oral;80;mg;cp;cp;NULL;NULL;NULL;NULL;1;60;0;0;0;0;0;0;0;0;0;0;0;0;0;0;;;;0;0;0;0;0;0;0;
318;Claritromicina 500 mg;;;1;0;0;0;0;0;0;1;0;;;;Tomar 01 comprimido às 08 horas da manhã e às 08 horas da tarde por 07 dias.;;;;NULL;NULL;5;7;Oral;500;mg;cp;cp;NULL;NULL;NULL;NULL;7;14;0;0;0;0;0;0;0;0;0;0;0;0;0;0;;;;0;0;0;0;0;0;0;
319;Cetoconazol creme;;;1;0;1;0;0;0;0;0;0;;;;Aplicar nas lesões 2 vezes por dia, por 2 semanas.;;;;NULL;NULL;5;NULL;Na Pele;;;creme;tb;NULL;NULL;NULL;2;14;1;0;0;0;0;0;0;0;0;0;0;0;0;0;0;;;;0;0;0;0;0;0;0;
320;Quetiapina 200 mg;;Seroquel;3;0;0;0;0;0;0;1;0;;;;Tomar 01 comprimido à noite.;;;;NULL;NULL;5;NULL;Oral;200;mg;cp;cp;NULL;NULL;NULL;NULL;60;60;0;0;0;0;0;0;0;0;0;0;0;0;0;0;;;;0;0;0;0;0;0;0;
321;Retinol 5.000UI + Colecalciferol 900UI + Óxido de zinco 150mg Pomada;;Hipoderm;1;0;1;0;0;0;0;1;0;;;;Aplicar a cada troca de fralda;;;;NULL;NULL;5;NULL;Na Pele;45;g;tb;tb;NULL;NULL;NULL;4;180;1;0;0;0;0;0;0;0;0;0;0;0;0;0;0;;;;0;0;0;0;0;0;0;
322;Enalapril 20 mg;;;2;0;0;0;0;0;0;0;0;;;;Tomar 01 comprimido às 06 horas da manhã e às 06 horas da tarde.;;;;NULL;NULL;5;180;Oral;20;mg;cp;cp;NULL;NULL;NULL;2;180;60;0;0;0;0;0;0;0;0;0;0;0;0;0;0;;;;0;0;0;0;0;0;0;
323;Loratadina 10 mg;;;1;0;1;0;0;0;0;0;0;;;;Tomar 01 comprimido à noite.;;;;NULL;NULL;5;7;Oral;10;mg;cp;cp;12;NULL;NULL;1;12;10;0;0;0;0;0;0;0;0;0;0;0;0;0;0;;;;0;0;0;0;0;0;0;
324;Lidocaína Gel;;;1;0;1;0;0;0;0;0;0;;;;Aplicar conforme indicado.;;;;NULL;NULL;5;7;Externo;;;tb;tb;NULL;NULL;NULL;NULL;NULL;1;0;0;0;0;0;0;0;0;0;0;0;0;0;0;;;;0;0;0;0;0;0;0;
325;Pasta d\'Água;;;1;0;0;0;0;0;0;1;0;;;;Aplicar na área indicada, após o banho.;;;;NULL;NULL;5;7;Na Pele;120;g;tb;tb;80;NULL;NULL;1;NULL;1;0;0;0;0;0;0;0;0;0;0;0;0;0;0;;;;0;0;0;0;0;0;0;
326;borato de 8-hidroxiquinolina 0,40 mg + trolamina 140 mg (Cerumin);;Cerumin;1;0;0;0;0;0;0;1;0;;;;Pingar 5 gotas no ouvido 3 vezes por dia. A aplicação deve ser feita com o paciente deitado e com o ouvido afetado para cima. Esta posição deve ser mantida por 5 minutos para facilitar a penetração do medicamento.;;;;NULL;NULL;5;NULL;No ouvido;;;fr;fr;NULL;NULL;NULL;3;NULL;1;0;0;0;0;0;0;0;0;0;0;0;0;0;0;;;;0;0;0;0;0;0;0;
327;Documentos para o Planejamento Familiar - Trazer Cópia;;;8;0;0;0;0;0;0;0;0;;;;- Cartão do SUS (casal). - RG (casal). - CPF  (casal). - Certidão de casamento. - Certidão de Nascimento (filhos + casal, se não forem casados). - Caderneta de Vacinação (filhos + casal). - Comprovante de residência;;;;NULL;NULL;5;NULL;;;;;;NULL;NULL;NULL;NULL;NULL;1;0;0;0;0;0;0;0;0;0;0;0;0;0;0;;;;0;0;0;0;0;0;0;
328;Pasta d\'Àgua;;;1;0;0;0;0;0;0;1;0;;;;Aplicar na região afetada, 3 vezes por dia.;;;;NULL;NULL;5;NULL;Na Pele;;;;;NULL;NULL;NULL;3;1;1;0;0;0;0;0;0;0;0;0;0;0;0;0;0;;;;0;0;0;0;0;0;0;
329;gestodeno 0,075 mg + etinilestradiol 0,02 mg;;Femiane;2;0;0;0;0;0;0;1;0;;A \"camisinha\" é o único método anti-concepcional  capaz de prevenir DSTs. Caso haja alguma dúvida quanto ao uso de sua pílula, procure o Posto de Saúde.;;Tomar 01 comprimido por dia, por 21 dias, sempre no mesmo horário, para por 07 dias e reiniciar nova cartela no oitavo dia.;;;;NULL;NULL;3;180;Oral;0,075+0,02;mg;cp;cart;21;NULL;NULL;1;180;1;0;0;0;0;0;0;0;0;0;0;0;0;0;0;;;;0;0;0;0;0;0;0;
330;Metoprolol, succinato 50 mg;;;2;0;0;0;0;0;0;1;0;;;;Tomar 01 comprimido à noite;;;;NULL;NULL;5;180;Oral;50;mg;cp;cp;NULL;NULL;NULL;1;180;30;0;0;0;0;0;0;0;0;0;0;0;0;0;0;;;;0;0;0;0;0;0;0;
331;Dersani;;;1;0;1;0;0;0;0;1;0;;;;Aplicar na lesão de 3 a 5 vezes por dia.;;;;NULL;NULL;5;7;Na Pele;;mL;fr;fr;200;NULL;NULL;3;30;1;0;0;0;0;0;0;0;0;0;0;0;0;0;0;;;;0;0;0;0;0;0;0;
332;Tioridazina 100 mg;;;3;0;0;0;0;0;0;1;0;;;;Tomar 01 comprimido à noite.;;;;NULL;NULL;5;60;Oral;100;mg;cp;cp;20;NULL;NULL;1;60;60;0;0;0;0;0;0;0;0;0;0;0;0;0;0;;;;0;0;0;0;0;0;0;
333;Captorpril 50 mg;;;2;0;0;0;0;1;0;0;0;;;;Tomar 01 comprimido de 08 em 08 horas.;;;;NULL;NULL;5;180;Oral;50;mg;cp;cp;NULL;NULL;NULL;3;180;90;0;0;0;0;0;0;0;0;0;0;0;0;0;0;;;;0;0;0;0;0;0;0;
334;Losartana 25 mg;;;2;0;0;0;0;1;0;1;0;;;;Tomar 01 comprimido pela manhã;;;;NULL;NULL;5;180;Oral;25;mg;cp;cp;30;NULL;NULL;1;180;30;0;0;0;0;0;0;0;0;0;0;0;0;0;0;;;;0;0;0;0;0;0;0;
335;Cadeira de Banho;;;2;0;0;0;0;0;0;0;0;;;;Usar como indicado.;;;;NULL;NULL;5;NULL;Cuidados;;;;;NULL;NULL;NULL;NULL;180;1;0;0;0;0;0;0;0;0;0;0;0;0;0;0;;;;0;0;0;0;0;0;0;
336;Fórmula Infantil p/ o Primeiro Semestre;;;2;0;1;0;0;0;0;0;0;;;;Constituir o pó, conforme orientação na lata, pela idade da criança, e oferecer a cada 03 horas.;;;;0;1;5;180;Oral;;;lt;lt;NULL;NULL;NULL;NULL;180;8;0;0;0;0;0;0;0;0;0;0;0;0;0;0;;;;0;0;0;0;0;0;0;
337;Rosuvastatina 10 mg;;Crestor;2;0;0;0;0;0;0;1;0;;;;Tomar 01 comprimido à noite.;;;;NULL;NULL;5;180;Oral;10;mg;cp;cp;30;NULL;NULL;1;180;30;0;0;0;0;0;0;0;0;0;0;0;0;0;0;;;;0;0;0;0;0;0;0;
338;Algestona Acetofenida 150 mg/ml + Enantato de estradiol 10 mg/ml;;Perlutan;2;0;1;0;0;0;0;1;0;;A \"camisinha\" é o único método anti-concepcional  capaz de prevenir DSTs. Caso haja alguma dúvida quanto ao uso de sua pílula, procure o Posto de Saúde.;;Aplicar uma ampola entre o 7º e 10º dia (preferivelmente no 8º dia) após o início de cada menstruação. Contar o primeiro dia de sangramento menstrual como o dia número 1.;;;;16;45;3;NULL;Intra Muscular;150 + 10;mg/mL;amp;amp;1;NULL;NULL;1;180;1;0;0;0;0;0;0;0;0;0;0;0;0;0;0;;;;0;0;0;0;0;0;0;
339;Nitrazepam 5 mg;;Nitrapan;4;0;0;0;0;0;0;1;0;;;;Tomar 01 comprimido à noite.;;;;NULL;NULL;5;60;Oral;5;mg;cp;cp;20;NULL;NULL;1;60;60;0;0;0;0;0;0;0;0;0;0;0;0;0;0;;;;0;0;0;0;0;0;0;
340;Laudo Psico/Pedagógico;;;8;0;0;0;0;0;0;0;0;;;;Familiar solicita avaliação de criança a pedido da escola, mas não trouxe pedido formal.;;;;NULL;NULL;5;NULL;Solcitação;;;;;NULL;NULL;NULL;NULL;NULL;1;0;0;0;0;0;0;0;0;0;0;0;0;0;0;;;;0;0;0;0;0;0;0;
341;Vitamina D;;;2;0;0;0;0;0;0;1;0;;;;Tomar 01 gota por dia.;;;;NULL;NULL;5;180;Oral;;;fr;fr;NULL;NULL;NULL;NULL;180;1;0;0;0;0;0;0;0;0;0;0;0;0;0;0;;;;0;0;0;0;0;0;0;
342;Vitamina B12 -5000 ui solução injetável;;;2;0;0;0;0;0;0;0;0;;;;Aplicar 01 dose por semana.;;;;NULL;NULL;5;180;IM;5000;ui;cx;cx;1;NULL;NULL;NULL;NULL;NULL;0;0;0;0;0;0;0;0;0;0;0;0;0;0;;;;0;0;0;0;0;0;0;
343;Maca Leito;;;2;0;0;0;0;0;0;0;0;;;;Conforme Indicado;;;;NULL;NULL;5;NULL;Cuidados;;;;;NULL;NULL;NULL;NULL;NULL;1;0;0;0;0;0;0;0;0;0;0;0;0;0;0;;;;0;0;0;0;0;0;0;
344;Andador;;;2;0;0;0;0;0;0;0;0;;;;Conforme Indicado;;;;NULL;NULL;5;NULL;Cuidados;;;;;NULL;NULL;NULL;NULL;NULL;1;0;0;0;0;0;0;0;0;0;0;0;0;0;0;;;;0;0;0;0;0;0;0;
345;Comadre;;;2;0;0;0;0;0;0;0;0;;;;Como Indicado;;;;NULL;NULL;5;NULL;Cuidados;;;;;NULL;NULL;NULL;NULL;NULL;1;0;0;0;0;0;0;0;0;0;0;0;0;0;0;;;;0;0;0;0;0;0;0;
346;Uripen;;;2;0;0;0;0;0;0;0;0;;;;Como Indicado;;;;NULL;NULL;5;NULL;Cuidados;;;;;NULL;NULL;NULL;NULL;NULL;1;0;0;0;0;0;0;0;0;0;0;0;0;0;0;;;;0;0;0;0;0;0;0;
347;Rivastigmina 03 mg;;;3;0;0;1;0;0;0;0;0;;;;Tomar 01 comprimido, 03 vezes por dia.;;;;NULL;NULL;5;NULL;Oral;3;mg;cp;cp;NULL;NULL;NULL;NULL;60;180;0;0;0;0;0;0;0;0;0;0;0;0;0;0;;;;0;0;0;0;0;0;0;
348;Fitas de Hemoglicoteste + Aparelho;;;2;0;1;0;0;0;0;0;0;;;;Medir glicemia capilar 01 vez por dia, em jejum.;;;;NULL;NULL;5;NULL;Aferição de Glicemia;;;un;un;NULL;NULL;NULL;NULL;180;30;0;0;0;0;0;0;0;0;0;0;0;0;0;0;;;;0;0;0;0;0;0;0;
349;Polivitamínico e Poliminerais;;;2;0;1;0;0;0;0;0;0;;;;Tomar 01 comprimido 01 vez por dia.;;;;NULL;NULL;5;180;Oral;;;cp;cp;NULL;NULL;NULL;NULL;180;30;0;0;0;0;0;0;0;0;0;0;0;0;0;0;;;;0;0;0;0;0;0;0;
350;Cadeira de Rodas;;;1;0;0;0;0;0;0;0;0;;;;Usar como indicado.;;;;NULL;NULL;5;NULL;Cuidados;;;;;NULL;NULL;NULL;NULL;NULL;1;0;0;0;0;0;0;0;0;0;0;0;0;0;0;;;;0;0;0;0;0;0;0;
351;Kollagenase com Cloranfenicol pomada 30 g;;;1;0;1;0;0;0;0;0;0;;;;Aplicar a cada troca de curativo, como indicado.;;;;NULL;NULL;5;180;Na Pele;30;g;tb;tb;NULL;NULL;NULL;NULL;30;2;0;0;0;0;0;0;0;0;0;0;0;0;0;0;;;;0;0;0;0;0;0;0;
352;Amiodarona 100 mg;;;2;0;0;0;0;0;0;1;0;;;;Tomar 01 comprimido cedo, de segundas-feiras a sextas-feiras.;;;;NULL;NULL;5;180;Oral;100;mg;cp;cp;20;NULL;NULL;NULL;1;20;0;0;0;0;0;0;0;0;0;0;0;0;0;0;;;;0;0;0;0;0;0;0;
353;Sinvastatina 40 mg;;;2;0;1;0;0;0;0;0;0;;;;Tomar 01 comprimido(s) às 08 horas da noite.;;;;NULL;NULL;5;180;Oral;40;mg;cp;cp;NULL;NULL;NULL;NULL;180;30;0;0;0;0;0;0;0;0;0;0;0;0;0;0;;;;0;0;0;0;0;0;0;
354;Cloreto de Magnésio PA 33g;;;1;0;0;0;0;0;0;0;1;;;;Dissolva o conteúdo do envelope (33g) de Cloreto de Magnésio PA em 1 litro de água filtrada.\r\nTomar 10 mL ( 01 colher de sopa) 2x ao dia.\r\nApós o preparo, a solução deve ser mantida em geladeira e armazenada, de preferência, em recipiente de vidro com tampa.;;;;NULL;NULL;5;180;Oral;33;g;env;env;NULL;NULL;NULL;2;180;1;0;0;0;0;0;0;0;0;0;0;0;0;0;0;;;;0;0;0;0;0;0;0;
355;Solução de Lugol a %5;;;2;0;0;0;0;0;0;0;1;;;;Tomar 2 gotas em um copo de água, junto com a alimentação.;;;;NULL;NULL;5;180;Oral;5;%;fr;fr;30;NULL;NULL;1;180;1;0;0;0;0;0;0;0;0;0;0;0;0;0;0;;;;0;0;0;0;0;0;0;
356;Vitamina D3 1000 ui;;Addera;1;0;0;0;0;0;0;1;0;;;;Tomar 01 comprimido por dia, no almoço, com a refeição.;;;;NULL;NULL;5;180;Oral;1000;ui;cp;cp;30;NULL;NULL;1;180;30;0;0;0;0;0;0;0;0;0;0;0;0;0;0;;;;0;0;0;0;0;0;0;
357;Vitamina D3 (colecalciferol) 1000ui/gota;;;2;0;0;0;0;0;0;1;0;;;;Tomar 05 gotas por dia, junto com a refeição.;;;;NULL;NULL;5;180;Oral;1000;ui/gota;fr;fr;NULL;NULL;NULL;1;180;1;0;0;0;0;0;0;0;0;0;0;0;0;0;0;;;;0;0;0;0;0;0;0;
358;Iodo metaloide (I² diiodo) 5% Iodeto de Potássio (KI) 10 % - Forte - (Ressublimado). Veículo Aquoso qsp - 30 mL;;;2;0;0;0;0;0;0;0;1;;;;Tomar 2 gotas em um copo com água, junto as refeições.;;;;NULL;NULL;5;NULL;Oral;5;%;mL;fr;30;NULL;NULL;1;180;1;0;0;0;0;0;0;0;0;0;0;0;0;0;0;;;;0;0;0;0;0;0;0;
359;Iodo metaloide (I² diiodo) 2% Iodeto de Potássio (KI) 4 %  (Ressublimado). Veículo Aquoso qsp - 30 mL;;;2;0;0;0;0;0;0;0;1;;;;Tomar 2 gotas em um copo com água, junto as refeições.;;;;NULL;NULL;5;NULL;Oral;2;%;mL;fr;30;NULL;NULL;1;180;1;0;0;0;0;0;0;0;0;0;0;0;0;0;0;;;;0;0;0;0;0;0;0;
360;Hidróxido de magnésio;;Phillips;1;0;0;0;0;0;0;1;0;;;;Tomar 01 colher de sopa, 3 vezes por dia, meia hora ante da refeição.;;;;NULL;NULL;5;7;Oral;;mL;fr;fr;250;NULL;NULL;NULL;7;1;0;0;0;0;0;0;0;0;0;0;0;0;0;0;;;;0;0;0;0;0;0;0;
361;Betaína HCL 300 mg;;;2;0;0;0;0;0;0;0;1;;;;Tomar 01 comprimido nas refeições, 3 vezes por dia.;;;;NULL;NULL;5;180;Oral;300;mg;cp;cp;90;NULL;NULL;NULL;180;90;0;0;0;0;0;0;0;0;0;0;0;0;0;0;;;;0;0;0;0;0;0;0;
362;Olanzapina 10 mg;;;3;0;0;0;0;0;0;0;0;;;;Tomar 01 comprimido à noite.;;;;NULL;NULL;5;60;Oral;10;mg;cp;cp;NULL;NULL;NULL;NULL;60;60;0;0;0;0;0;0;0;0;0;0;0;0;0;0;;;;0;0;0;0;0;0;0;
363;Clozapina 100 mg;;;3;0;0;0;0;0;0;0;0;;;;Tomar 02 comprimidos de 12/12 horas.;;;;NULL;NULL;5;30;Oral;100;mg;cp;cp;NULL;NULL;NULL;NULL;60;240;0;0;0;0;0;0;0;0;0;0;0;0;0;0;;;;0;0;0;0;0;0;0;
